City,Province,Ycase,Scase,aCAPEX_s,aCAPEX_w,aCAPEX_bat,aCAPEX_ely,aCAPEX_FC,aCAPEX_DRP,aCAPEX_cmp2b,aCAPEX_CGH2,aCAPEX_EAF,aCAPEX_cst,aOPEX_maint,aOPEX_pel,aOPEX_lmp,aOPEX_scr,aOPEX_lime,aOPEX_aly,aOPEX_eld,aOPEX_labour,TotalTransportCost_mUSD
Anshan,Liaoning ,YCurrent,S1,1.537847798,200.213649,-5.19E-12,89.40311056,0,33.58955823,1.372880442,9.02E-05,29.27438644,11.238298,71.99251247,235.2340426,0,0,6.05,26.367,10.79,73.40276596,3.122881631
Anshan,Liaoning ,YCurrent,S2,1.253532986,143.5741746,3.35E-12,64.13298719,0,25.19216867,1.14513782,6.73E-05,29.27502674,11.23862109,54.15920176,176.4255319,0,66.25,5.445,26.367,10.79,68.34957447,2.342161223
Anshan,Liaoning ,YCurrent,S3,1.077547961,91.57619639,-1.40E-11,40.88002552,0,16.79477911,0.917395197,5.37E-05,29.27298053,11.23758859,37.65388482,117.6170213,0,132.5,4.84,26.367,10.79,63.29638298,1.561440815
Anshan,Liaoning ,Y2030,S1,1.52078006,173.054683,0,57.49331237,0,33.58955823,1.372880442,8.17E-05,29.27115523,11.23666756,60.38928801,235.2340426,0,0,6.05,26.367,10.79,73.40276596,3.122881631
Anshan,Liaoning ,Y2030,S2,1.314263555,124.0537824,0,41.20083352,0,25.19216867,1.14513782,6.04E-05,29.26752798,11.23483727,45.83280309,176.4255319,0,66.25,5.445,26.367,10.79,68.34957447,2.342161223
Anshan,Liaoning ,Y2030,S3,1.173696172,79.04794861,-1.34E-11,26.23652433,0,16.79477911,0.917395197,5.10E-05,29.26915951,11.23566053,32.33611061,117.6170213,0,132.5,4.84,26.367,10.79,63.29638298,1.561440815
Anshan,Liaoning ,Y2040,S1,2.103578436,155.5733323,0,48.48630357,0,33.58955823,1.372880442,9.56E-05,29.24955857,11.22577005,55.29601773,235.2340426,0,0,6.05,26.367,10.79,73.40276596,3.122881631
Anshan,Liaoning ,Y2040,S2,1.715217339,111.4922112,0,34.76459825,0,25.19216867,1.14513782,7.69E-05,29.25503276,11.22853229,42.17738186,176.4255319,0,66.25,5.445,26.367,10.79,68.34957447,2.342161223
Anshan,Liaoning ,Y2040,S3,1.372411421,71.02523167,0,22.16790083,0,16.79477911,0.917395197,4.87E-05,29.26671701,11.23442807,30.00011759,117.6170213,0,132.5,4.84,26.367,10.79,63.29638298,1.561440815
Anshan,Liaoning ,Y2050,S1,16.31756675,127.0768891,0,38.22719072,0,33.58955823,1.372880442,7.90E-05,29.22596165,11.21386324,50.46998826,235.2340426,0,0,6.05,26.367,10.79,73.40276596,3.122881631
Anshan,Liaoning ,Y2050,S2,11.71236966,91.21283358,5.51E-13,27.42871974,0,25.19216867,1.14513782,6.19E-05,29.23538662,11.218619,38.71203173,176.4255319,0,66.25,5.445,26.367,10.79,68.34957447,2.342161223
Anshan,Liaoning ,Y2050,S3,7.386764322,58.37312492,0,17.54102878,0,16.79477911,0.917395197,4.06E-05,29.25221522,11.22711058,27.78387633,117.6170213,0,132.5,4.84,26.367,10.79,63.29638298,1.561440815
Anyang,Henan,YCurrent,S1,123.1065295,182.1495451,0,87.26792059,0,33.58955823,1.372880442,7.50E-05,29.42749074,11.31555322,91.9429354,235.2340426,0,0,6.05,26.367,10.79,73.40276596,49.44213266
Anyang,Henan,YCurrent,S2,88.27207745,130.7859719,-4.91E-12,62.63947407,0,25.19216867,1.14513782,6.57E-05,29.43877084,11.32124506,68.49039713,176.4255319,0,66.25,5.445,26.367,10.79,68.34957447,37.0815995
Anyang,Henan,YCurrent,S3,56.35906301,83.6393469,6.68E-13,39.98340198,0,16.79477911,0.917395197,3.97E-05,29.45954485,11.33172746,46.82967624,117.6170213,0,132.5,4.84,26.367,10.79,63.29638298,24.72106633
Anyang,Henan,Y2030,S1,104.2823508,152.3273691,0,55.53184041,0,33.58955823,1.372880442,7.91E-05,29.45163651,11.32773698,76.16593807,235.2340426,0,0,6.05,26.367,10.79,73.40276596,49.44213266
Anyang,Henan,Y2030,S2,74.68256389,109.4828721,-3.06E-12,39.85471854,0,25.19216867,1.14513782,6.07E-05,29.46209567,11.33301458,57.17158918,176.4255319,0,66.25,5.445,26.367,10.79,68.34957447,37.0815995
Anyang,Henan,Y2030,S3,47.65710683,70.03614346,0,25.44956757,0,16.79477911,0.917395197,4.34E-05,29.48435811,11.34424803,39.60319448,117.6170213,0,132.5,4.84,26.367,10.79,63.29638298,24.72106633
Anyang,Henan,Y2040,S1,92.55828253,133.7373913,0,46.86904089,0,33.58955823,1.372880442,8.77E-05,29.4713968,11.33770786,68.51816957,235.2340426,0,0,6.05,26.367,10.79,73.40276596,49.44213266
Anyang,Henan,Y2040,S2,66.42908953,95.99394459,0,33.63009725,0,25.19216867,1.14513782,6.47E-05,29.4839459,11.34404004,51.68635842,176.4255319,0,66.25,5.445,26.367,10.79,68.34957447,37.0815995
Anyang,Henan,Y2040,S3,42.286975,61.56056245,2.99E-12,21.43441104,0,16.79477911,0.917395197,5.25E-05,29.50548388,11.35490793,36.10222482,117.6170213,0,132.5,4.84,26.367,10.79,63.29638298,24.72106633
Anyang,Henan,Y2050,S1,92.76801773,93.86435894,5.74E-13,44.40526281,0,33.58955823,1.372880442,9.15E-05,29.56257147,11.38371388,60.27291082,235.2340426,0,0,6.05,26.367,10.79,73.40276596,49.44213266
Anyang,Henan,Y2050,S2,66.21245073,67.87497752,-1.16E-11,31.73905864,0,25.19216867,1.14513782,6.78E-05,29.57479424,11.38988139,45.77780678,176.4255319,0,66.25,5.445,26.367,10.79,68.34957447,37.0815995
Anyang,Henan,Y2050,S3,42.06332602,43.71277336,-5.52E-12,20.19915405,0,16.79477911,0.917395197,4.54E-05,29.60127254,11.40324213,32.33940427,117.6170213,0,132.5,4.84,26.367,10.79,63.29638298,24.72106633
Baotou ,Inner Mongolia,YCurrent,S1,118.3659228,164.1137832,0,90.82842214,0,33.58955823,1.372880442,7.64E-05,29.26551527,11.23382168,88.12179634,235.2340426,0,0,6.05,26.367,10.79,73.40276596,41.20527038
Baotou ,Inner Mongolia,YCurrent,S2,84.85214439,117.9476397,1.03E-11,65.10678938,0,25.19216867,1.14513782,5.98E-05,29.27691542,11.2395741,65.73454482,176.4255319,0,66.25,5.445,26.367,10.79,68.34957447,30.90395278
Baotou ,Inner Mongolia,YCurrent,S3,54.0031747,75.6813035,-7.02E-12,41.48591786,0,16.79477911,0.917395197,4.51E-05,29.29933288,11.25088577,45.05210771,117.6170213,0,132.5,4.84,26.367,10.79,63.29638298,20.60263519
Baotou ,Inner Mongolia,Y2030,S1,137.1481623,82.25858679,-3.07E-12,71.75051493,0,33.58955823,1.372880442,9.96E-05,29.44894807,11.32638041,72.04460953,235.2340426,0,0,6.05,26.367,10.79,73.40276596,41.20527038
Baotou ,Inner Mongolia,Y2030,S2,97.62021886,60.14178864,-1.79E-12,51.20478051,0,25.19216867,1.14513782,7.52E-05,29.45836503,11.33113213,54.2145664,176.4255319,0,66.25,5.445,26.367,10.79,68.34957447,30.90395278
Baotou ,Inner Mongolia,Y2030,S3,61.32336257,39.85218735,-5.69E-12,32.36322278,0,16.79477911,0.917395197,5.33E-05,29.47520213,11.339628,37.7146127,117.6170213,0,132.5,4.84,26.367,10.79,63.29638298,20.60263519
Baotou ,Inner Mongolia,Y2040,S1,142.1963875,38.45667218,1.22E-12,69.36518579,0,33.58955823,1.372880442,0.000121841,29.75840527,11.48253006,64.05786287,235.2340426,0,0,6.05,26.367,10.79,73.40276596,41.20527038
Baotou ,Inner Mongolia,Y2040,S2,99.61507661,31.02226539,-5.86E-12,48.88125535,0,25.19216867,1.14513782,9.08E-05,29.72073446,11.46352166,48.50955195,176.4255319,0,66.25,5.445,26.367,10.79,68.34957447,30.90395278
Baotou ,Inner Mongolia,Y2040,S3,61.17232901,23.35242963,2.44E-12,30.2920224,0,16.79477911,0.917395197,6.15E-05,29.67994188,11.44293805,34.0987984,117.6170213,0,132.5,4.84,26.367,10.79,63.29638298,20.60263519
Baotou ,Inner Mongolia,Y2050,S1,125.3523568,14.01781772,2.76E-12,62.08563025,0,33.58955823,1.372880442,0.000150534,30.48612614,11.84973222,54.73700679,235.2340426,0,0,6.05,26.367,10.79,73.40276596,41.20527038
Baotou ,Inner Mongolia,Y2050,S2,88.55243732,12.25622346,-3.58E-12,44.04016392,0,25.19216867,1.14513782,0.000122603,30.32569502,11.76877995,41.88043268,176.4255319,0,66.25,5.445,26.367,10.79,68.34957447,30.90395278
Baotou ,Inner Mongolia,Y2050,S3,55.22453366,10.01314189,-4.04E-12,27.5909362,0,16.79477911,0.917395197,7.57E-05,30.17559181,11.69303907,29.9275773,117.6170213,0,132.5,4.84,26.367,10.79,63.29638298,20.60263519
Changzhi,Shanxi ,YCurrent,S1,124.0842717,188.7431076,0,90.87544736,0,33.58955823,1.372880442,6.80E-05,29.37955734,11.2913664,94.12388059,235.2340426,0,0,6.05,26.367,10.79,73.40276596,32.94744915
Changzhi,Shanxi ,YCurrent,S2,88.95157492,135.6300444,0,65.13931192,0,25.19216867,1.14513782,5.12E-05,29.38804739,11.29565041,70.05090823,176.4255319,0,66.25,5.445,26.367,10.79,68.34957447,24.71058686
Changzhi,Shanxi ,YCurrent,S3,56.78748708,86.73983429,-1.51E-12,41.58161088,0,16.79477911,0.917395197,3.94E-05,29.40656919,11.30499636,47.8208012,117.6170213,0,132.5,4.84,26.367,10.79,63.29638298,16.47372458
Changzhi,Shanxi ,Y2030,S1,117.8431876,139.6460688,0,62.39428662,0,33.58955823,1.372880442,7.34E-05,29.42432722,11.31395692,77.6781071,235.2340426,0,0,6.05,26.367,10.79,73.40276596,32.94744915
Changzhi,Shanxi ,Y2030,S2,84.03866776,100.9326448,0,44.60690943,0,25.19216867,1.14513782,5.40E-05,29.43290539,11.3182854,58.2543622,176.4255319,0,66.25,5.445,26.367,10.79,68.34957447,24.71058686
Changzhi,Shanxi ,Y2030,S3,53.51124295,64.77052046,0,28.41371737,0,16.79477911,0.917395197,3.50E-05,29.45035521,11.32709044,40.29075818,117.6170213,0,132.5,4.84,26.367,10.79,63.29638298,16.47372458
Changzhi,Shanxi ,Y2040,S1,118.5583321,101.755165,0,58.01296123,0,33.58955823,1.372880442,8.77E-05,29.48807085,11.34612146,69.53667103,235.2340426,0,0,6.05,26.367,10.79,73.40276596,32.94744915
Changzhi,Shanxi ,Y2040,S2,84.52533211,73.79279807,0,41.44340832,0,25.19216867,1.14513782,6.72E-05,29.49762127,11.35094052,52.418593,176.4255319,0,66.25,5.445,26.367,10.79,68.34957447,24.71058686
Changzhi,Shanxi ,Y2040,S3,53.54239876,47.78421421,0,26.32842981,0,16.79477911,0.917395197,4.97E-05,29.51818393,11.36131628,36.57196425,117.6170213,0,132.5,4.84,26.367,10.79,63.29638298,16.47372458
Changzhi,Shanxi ,Y2050,S1,140.5878566,22.13884436,-1.29E-11,64.68025625,0,33.58955823,1.372880442,0.000128615,30.21268801,11.71175752,59.75206106,235.2340426,0,0,6.05,26.367,10.79,73.40276596,32.94744915
Changzhi,Shanxi ,Y2050,S2,98.96947961,18.72830462,-6.94E-12,45.68280194,0,25.19216867,1.14513782,9.21E-05,30.11779012,11.6638728,45.45795331,176.4255319,0,66.25,5.445,26.367,10.79,68.34957447,24.71058686
Changzhi,Shanxi ,Y2050,S3,60.89302706,15.38888687,0,28.33101114,0,16.79477911,0.917395197,6.25E-05,30.00364715,11.60627716,32.19077683,117.6170213,0,132.5,4.84,26.367,10.79,63.29638298,16.47372458
Dalian,Liaoning ,YCurrent,S1,3.165032054,209.7561641,-4.38E-11,96.49962639,0,33.58955823,1.372880442,8.62E-05,29.42617677,11.31489019,75.6241654,235.2340426,0,0,6.05,26.367,10.79,73.40276596,3.122881631
Dalian,Liaoning ,YCurrent,S2,2.720635768,150.1946814,-2.20E-11,69.15735985,0,25.19216867,1.14513782,7.02E-05,29.42582721,11.31471381,56.77846324,176.4255319,0,66.25,5.445,26.367,10.79,68.34957447,2.342161223
Dalian,Liaoning ,YCurrent,S3,2.491685467,95.44654375,-2.90E-11,43.9777358,0,16.79477911,0.917395197,5.28E-05,29.42350198,11.31354052,39.34430817,117.6170213,0,132.5,4.84,26.367,10.79,63.29638298,1.561440815
Dalian,Liaoning ,Y2030,S1,4.315044937,180.1108485,-1.47E-11,61.71416017,0,33.58955823,1.372880442,8.40E-05,29.40410409,11.30375249,63.19164533,235.2340426,0,0,6.05,26.367,10.79,73.40276596,3.122881631
Dalian,Liaoning ,Y2030,S2,3.390097175,129.0182906,-2.91E-11,44.24728602,0,25.19216867,1.14513782,6.28E-05,29.41087567,11.30716938,47.85582777,176.4255319,0,66.25,5.445,26.367,10.79,68.34957447,2.342161223
Dalian,Liaoning ,Y2030,S3,2.646870765,82.08367529,-3.60E-11,28.15633767,0,16.79477911,0.917395197,4.74E-05,29.42424242,11.31391414,33.64428989,117.6170213,0,132.5,4.84,26.367,10.79,63.29638298,1.561440815
Dalian,Liaoning ,Y2040,S1,11.99080344,155.5104654,0,50.83742218,0,33.58955823,1.372880442,8.76E-05,29.37615157,11.28964788,57.72423007,235.2340426,0,0,6.05,26.367,10.79,73.40276596,3.122881631
Dalian,Liaoning ,Y2040,S2,8.666280558,111.5634918,0,36.47195117,0,25.19216867,1.14513782,6.42E-05,29.38733886,11.29529289,43.93065766,176.4255319,0,66.25,5.445,26.367,10.79,68.34957447,2.342161223
Dalian,Liaoning ,Y2040,S3,5.733109741,71.13250481,0,23.26664297,0,16.79477911,0.917395197,4.58E-05,29.40726201,11.30534596,31.13473677,117.6170213,0,132.5,4.84,26.367,10.79,63.29638298,1.561440815
Dalian,Liaoning ,Y2050,S1,32.98663955,118.5666041,0,38.69243873,0,33.58955823,1.372880442,7.18E-05,29.4061185,11.30476895,52.21665457,235.2340426,0,0,6.05,26.367,10.79,73.40276596,3.122881631
Dalian,Liaoning ,Y2050,S2,23.66055134,85.12703668,0,27.75644308,0,25.19216867,1.14513782,6.69E-05,29.41626592,11.30988926,39.98098068,176.4255319,0,66.25,5.445,26.367,10.79,68.34957447,2.342161223
Dalian,Liaoning ,Y2050,S3,15.00976814,54.51479599,0,17.73288822,0,16.79477911,0.917395197,4.63E-05,29.43809043,11.32090173,28.61571032,117.6170213,0,132.5,4.84,26.367,10.79,63.29638298,1.561440815
Datong,Shanxi ,YCurrent,S1,113.3267925,169.7754626,0,94.20474836,0,33.58955823,1.372880442,6.83E-05,29.27676565,11.23949853,88.91034957,235.2340426,0,0,6.05,26.367,10.79,73.40276596,32.94744915
Datong,Shanxi ,YCurrent,S2,81.2909872,121.8870337,-8.80E-12,67.59825028,0,25.19216867,1.14513782,5.43E-05,29.28531919,11.24381458,66.3005289,176.4255319,0,66.25,5.445,26.367,10.79,68.34957447,24.71058686
Datong,Shanxi ,YCurrent,S3,51.86226319,77.97442489,-6.72E-12,43.16664471,0,16.79477911,0.917395197,4.06E-05,29.30099127,11.25172258,45.41251765,117.6170213,0,132.5,4.84,26.367,10.79,63.29638298,16.47372458
Datong,Shanxi ,Y2030,S1,137.5446,83.11838659,-2.77E-11,73.15767005,0,33.58955823,1.372880442,7.79E-05,29.40278863,11.30308873,72.55395928,235.2340426,0,0,6.05,26.367,10.79,73.40276596,32.94744915
Datong,Shanxi ,Y2030,S2,97.18960806,61.72895701,5.18E-12,51.96139956,0,25.19216867,1.14513782,6.92E-05,29.40548112,11.30444733,54.57461787,176.4255319,0,66.25,5.445,26.367,10.79,68.34957447,24.71058686
Datong,Shanxi ,Y2030,S3,61.73825492,39.91663955,0,33.09369722,0,16.79477911,0.917395197,4.24E-05,29.42324125,11.31340895,37.93682255,117.6170213,0,132.5,4.84,26.367,10.79,63.29638298,16.47372458
Datong,Shanxi ,Y2040,S1,141.4335697,41.49518741,1.39E-11,69.5747571,0,33.58955823,1.372880442,0.000104533,29.59349133,11.39931579,64.49715099,235.2340426,0,0,6.05,26.367,10.79,73.40276596,32.94744915
Datong,Shanxi ,Y2040,S2,99.57257693,32.3998646,-1.87E-11,49.29250794,0,25.19216867,1.14513782,8.58E-05,29.57858423,11.39179379,48.81047209,176.4255319,0,66.25,5.445,26.367,10.79,68.34957447,24.71058686
Datong,Shanxi ,Y2040,S3,62.0819245,22.83150818,-5.73E-12,30.96174202,0,16.79477911,0.917395197,5.59E-05,29.5732539,11.38910414,34.27510605,117.6170213,0,132.5,4.84,26.367,10.79,63.29638298,16.47372458
Datong,Shanxi ,Y2050,S1,127.2023003,13.86216524,1.74E-12,62.57740511,0,33.58955823,1.372880442,0.000148587,30.22627354,11.71861267,55.08949631,235.2340426,0,0,6.05,26.367,10.79,73.40276596,32.94744915
Datong,Shanxi ,Y2050,S2,90.19764704,11.5649498,-9.82E-12,44.56701048,0,25.19216867,1.14513782,9.74E-05,30.13103746,11.6705573,42.11368775,176.4255319,0,66.25,5.445,26.367,10.79,68.34957447,24.71058686
Datong,Shanxi ,Y2050,S3,56.19172645,9.55270799,-2.18E-12,28.00222296,0,16.79477911,0.917395197,7.03E-05,29.9981501,11.60350339,30.05542193,117.6170213,0,132.5,4.84,26.367,10.79,63.29638298,16.47372458
Guangzhou,Guangdong ,YCurrent,S1,157.6833043,196.0077338,2.76E-11,94.42781303,0,33.58955823,1.372880442,7.74E-05,29.19761285,11.19955866,102.7917891,235.2340426,0,0,6.05,26.367,10.79,73.40276596,8.236862288
Guangzhou,Guangdong ,YCurrent,S2,113.0497469,140.870556,-2.21E-12,67.67863778,0,25.19216867,1.14513782,5.50E-05,29.20830266,11.20495265,76.25746402,176.4255319,0,66.25,5.445,26.367,10.79,68.34957447,6.177646716
Guangzhou,Guangdong ,YCurrent,S3,72.17082744,90.0644215,0,43.24417123,0,16.79477911,0.917395197,4.42E-05,29.22980897,11.21580456,51.76858809,117.6170213,0,132.5,4.84,26.367,10.79,63.29638298,4.118431144
Guangzhou,Guangdong ,Y2030,S1,169.224049,112.1783644,2.06E-12,72.10024483,0,33.58955823,1.372880442,8.48E-05,29.32080995,11.26172293,84.24907415,235.2340426,0,0,6.05,26.367,10.79,73.40276596,8.236862288
Guangzhou,Guangdong ,Y2030,S2,120.8038689,81.38526213,4.63E-12,51.52082051,0,25.19216867,1.14513782,7.58E-05,29.33128966,11.26701091,62.96292209,176.4255319,0,66.25,5.445,26.367,10.79,68.34957447,6.177646716
Guangzhou,Guangdong ,Y2030,S3,76.47242972,52.93198427,-1.06E-12,32.71783454,0,16.79477911,0.917395197,5.24E-05,29.3528977,11.27791416,43.29121374,117.6170213,0,132.5,4.84,26.367,10.79,63.29638298,4.118431144
Guangzhou,Guangdong ,Y2040,S1,182.1302818,49.77046839,3.16E-11,72.39547615,0,33.58955823,1.372880442,0.000113634,29.60072153,11.40296409,74.66945856,235.2340426,0,0,6.05,26.367,10.79,73.40276596,8.236862288
Guangzhou,Guangdong ,Y2040,S2,127.7550538,39.67469382,2.57E-11,51.03532845,0,25.19216867,1.14513782,8.86E-05,29.57217989,11.38856221,56.11330702,176.4255319,0,66.25,5.445,26.367,10.79,68.34957447,6.177646716
Guangzhou,Guangdong ,Y2040,S3,79.66050715,28.00320422,1.82E-12,31.99389231,0,16.79477911,0.917395197,5.65E-05,29.56596799,11.38542773,38.94294145,117.6170213,0,132.5,4.84,26.367,10.79,63.29638298,4.118431144
Guangzhou,Guangdong ,Y2050,S1,164.4794518,13.83989851,0,66.06583437,0,33.58955823,1.372880442,0.000146971,30.49527693,11.85434964,63.16944926,235.2340426,0,0,6.05,26.367,10.79,73.40276596,8.236862288
Guangzhou,Guangdong ,Y2050,S2,116.6317191,12.05337997,0,46.96725643,0,25.19216867,1.14513782,0.000111876,30.3420974,11.77705647,47.93394872,176.4255319,0,66.25,5.445,26.367,10.79,68.34957447,6.177646716
Guangzhou,Guangdong ,Y2050,S3,72.68044829,10.43517712,5.72E-12,29.45949135,0,16.79477911,0.917395197,7.32E-05,30.1473922,11.67880977,33.79672728,117.6170213,0,132.5,4.84,26.367,10.79,63.29638298,4.118431144
Handan,Hebei,YCurrent,S1,130.3758172,182.0673964,0,88.62957666,0,33.58955823,1.372880442,7.08E-05,29.49910924,11.35169134,93.6427606,235.2340426,0,0,6.05,26.367,10.79,73.40276596,8.236862288
Handan,Hebei,YCurrent,S2,93.49481711,130.7751675,-1.38E-12,63.56313138,0,25.19216867,1.14513782,6.06E-05,29.51286954,11.35863468,69.71709133,176.4255319,0,66.25,5.445,26.367,10.79,68.34957447,6.177646716
Handan,Hebei,YCurrent,S3,59.65354821,83.62764408,1.52E-12,40.6211757,0,16.79477911,0.917395197,4.34E-05,29.53880532,11.37172167,47.62294613,117.6170213,0,132.5,4.84,26.367,10.79,63.29638298,4.118431144
Handan,Hebei,Y2030,S1,110.400344,151.5301359,0,56.67905564,0,33.58955823,1.372880442,7.67E-05,29.52950278,11.36702768,77.45901358,235.2340426,0,0,6.05,26.367,10.79,73.40276596,8.236862288
Handan,Hebei,Y2030,S2,79.11786595,108.8772959,-8.62E-12,40.6671585,0,25.19216867,1.14513782,6.09E-05,29.54251795,11.37359503,58.10689903,176.4255319,0,66.25,5.445,26.367,10.79,68.34957447,6.177646716
Handan,Hebei,Y2030,S3,50.50849822,69.63613964,-7.68E-12,25.96459172,0,16.79477911,0.917395197,5.20E-05,29.57019914,11.38756274,40.21105092,117.6170213,0,132.5,4.84,26.367,10.79,63.29638298,4.118431144
Handan,Hebei,Y2040,S1,99.67291813,130.1699475,-1.01E-11,48.70926182,0,33.58955823,1.372880442,9.58E-05,29.56067963,11.38275927,69.60243769,235.2340426,0,0,6.05,26.367,10.79,73.40276596,8.236862288
Handan,Hebei,Y2040,S2,71.44370358,93.55644962,-2.45E-11,34.92024937,0,25.19216867,1.14513782,7.33E-05,29.57504928,11.39001008,52.47266501,176.4255319,0,66.25,5.445,26.367,10.79,68.34957447,6.177646716
Handan,Hebei,Y2040,S3,45.28392698,60.29585296,-3.56E-12,22.17590019,0,16.79477911,0.917395197,5.36E-05,29.60131256,11.40326232,36.6162865,117.6170213,0,132.5,4.84,26.367,10.79,63.29638298,4.118431144
Handan,Hebei,Y2050,S1,110.0756859,73.10412133,-2.86E-11,50.66828621,0,33.58955823,1.372880442,9.75E-05,29.75462005,11.48062007,60.88152104,235.2340426,0,0,6.05,26.367,10.79,73.40276596,8.236862288
Handan,Hebei,Y2050,S2,78.17192337,53.64516769,-1.05E-11,36.03537581,0,25.19216867,1.14513782,7.24E-05,29.76438669,11.48554823,46.23164945,176.4255319,0,66.25,5.445,26.367,10.79,68.34957447,6.177646716
Handan,Hebei,Y2050,S3,48.95275281,35.66908963,3.52E-13,22.66427961,0,16.79477911,0.917395197,4.89E-05,29.78393724,11.49541328,32.65077856,117.6170213,0,132.5,4.84,26.367,10.79,63.29638298,4.118431144
Jinan ,Shandong ,YCurrent,S1,132.814105,184.8406094,0,92.13101844,0,33.58955823,1.372880442,7.39E-05,29.45476087,11.3293135,95.34055775,235.2340426,0,0,6.05,26.367,10.79,73.40276596,8.236862288
Jinan ,Shandong ,YCurrent,S2,95.24927579,132.7377756,0,66.09937457,0,25.19216867,1.14513782,5.94E-05,29.4658501,11.33490904,70.93111778,176.4255319,0,66.25,5.445,26.367,10.79,68.34957447,6.177646716
Jinan ,Shandong ,YCurrent,S3,60.75295481,84.94365171,1.69E-12,42.20199697,0,16.79477911,0.917395197,3.85E-05,29.48645627,11.34530675,48.39219142,117.6170213,0,132.5,4.84,26.367,10.79,63.29638298,4.118431144
Jinan ,Shandong ,Y2030,S1,126.3352558,134.257858,0,63.63477644,0,33.58955823,1.372880442,7.46E-05,29.51538548,11.3599042,78.55807896,235.2340426,0,0,6.05,26.367,10.79,73.40276596,8.236862288
Jinan ,Shandong ,Y2030,S2,90.62012577,96.43037337,2.02E-12,45.64416638,0,25.19216867,1.14513782,5.34E-05,29.52707466,11.36580247,58.89413809,176.4255319,0,66.25,5.445,26.367,10.79,68.34957447,6.177646716
Jinan ,Shandong ,Y2030,S3,57.16672493,62.63255162,0,28.89181613,0,16.79477911,0.917395197,3.93E-05,29.54590854,11.37530589,40.71085411,117.6170213,0,132.5,4.84,26.367,10.79,63.29638298,4.118431144
Jinan ,Shandong ,Y2040,S1,130.3552972,90.88866444,0,60.28274107,0,33.58955823,1.372880442,8.12E-05,29.61590164,11.41062386,70.2028463,235.2340426,0,0,6.05,26.367,10.79,73.40276596,8.236862288
Jinan ,Shandong ,Y2040,S2,93.11147801,65.82650758,0,43.12063442,0,25.19216867,1.14513782,5.88E-05,29.62680412,11.41612516,52.90781962,176.4255319,0,66.25,5.445,26.367,10.79,68.34957447,6.177646716
Jinan ,Shandong ,Y2040,S3,58.606364,43.19323835,-1.33E-12,27.33005392,0,16.79477911,0.917395197,4.74E-05,29.64659168,11.42610981,36.89946083,117.6170213,0,132.5,4.84,26.367,10.79,63.29638298,4.118431144
Jinan ,Shandong ,Y2050,S1,141.9950488,24.52739085,0,63.21266535,0,33.58955823,1.372880442,0.000140551,30.30818502,11.75994455,60.23743959,235.2340426,0,0,6.05,26.367,10.79,73.40276596,8.236862288
Jinan ,Shandong ,Y2050,S2,99.94582357,20.49023497,2.48E-12,44.61485312,0,25.19216867,1.14513782,9.42E-05,30.21773426,11.71430381,45.81547186,176.4255319,0,66.25,5.445,26.367,10.79,68.34957447,6.177646716
Jinan ,Shandong ,Y2050,S3,61.84182676,16.01016436,-8.54E-12,27.80175665,0,16.79477911,0.917395197,6.09E-05,30.12667499,11.66835603,32.43150363,117.6170213,0,132.5,4.84,26.367,10.79,63.29638298,4.118431144
Jinzhong,Shanxi,YCurrent,S1,206.3232147,104.218591,0,127.3362347,0,33.58955823,1.372880442,8.96E-05,29.8070801,11.50709099,100.9609405,235.2340426,0,0,6.05,26.367,10.79,73.40276596,32.94744915
Jinzhong,Shanxi,YCurrent,S2,146.897858,76.40010207,0,90.96126442,0,25.19216867,1.14513782,7.34E-05,29.81691604,11.51205413,74.9960318,176.4255319,0,66.25,5.445,26.367,10.79,68.34957447,24.71058686
Jinzhong,Shanxi,YCurrent,S3,92.30812445,51.10474168,0,57.399316,0,16.79477911,0.917395197,4.90E-05,29.83361947,11.52048254,51.03050989,117.6170213,0,132.5,4.84,26.367,10.79,63.29638298,16.47372458
Jinzhong,Shanxi,Y2030,S1,209.7316739,20.55165361,3.28E-12,95.66946708,0,33.58955823,1.372880442,0.000159417,31.00743525,12.11278066,79.33762326,235.2340426,0,0,6.05,26.367,10.79,73.40276596,32.94744915
Jinzhong,Shanxi,Y2030,S2,148.5049783,17.65380767,0,68.07295516,0,25.19216867,1.14513782,0.000118965,30.82498338,12.02071689,59.57943777,176.4255319,0,66.25,5.445,26.367,10.79,68.34957447,24.71058686
Jinzhong,Shanxi,Y2030,S3,92.57983417,14.70989445,7.94E-12,42.74096459,0,16.79477911,0.917395197,7.39E-05,30.61226788,11.91338234,41.28896056,117.6170213,0,132.5,4.84,26.367,10.79,63.29638298,16.47372458
Jinzhong,Shanxi,Y2040,S1,180.0617422,16.28666355,7.74E-12,80.93242101,0,33.58955823,1.372880442,0.000195425,31.28998876,12.25535491,69.86373858,235.2340426,0,0,6.05,26.367,10.79,73.40276596,32.94744915
Jinzhong,Shanxi,Y2040,S2,127.637908,14.0986044,0,57.64984202,0,25.19216867,1.14513782,0.000134389,31.06326252,12.14095065,52.80749659,176.4255319,0,66.25,5.445,26.367,10.79,68.34957447,24.71058686
Jinzhong,Shanxi,Y2040,S3,79.90531491,11.60165224,-1.39E-12,36.31539054,0,16.79477911,0.917395197,8.46E-05,30.83067475,12.02358871,36.99259589,117.6170213,0,132.5,4.84,26.367,10.79,63.29638298,16.47372458
Jinzhong,Shanxi,Y2050,S1,143.4510356,12.20994827,1.83E-11,67.11231532,0,33.58955823,1.372880442,0.000207203,31.73260382,12.47869496,59.29125098,235.2340426,0,0,6.05,26.367,10.79,73.40276596,32.94744915
Jinzhong,Shanxi,Y2050,S2,101.9504719,10.60949307,-3.41E-12,47.80429193,0,25.19216867,1.14513782,0.000146468,31.44245367,12.3322875,45.25703541,176.4255319,0,66.25,5.445,26.367,10.79,68.34957447,24.71058686
Jinzhong,Shanxi,Y2050,S3,63.96805024,8.931608523,7.79E-12,30.13365676,0,16.79477911,0.917395197,9.54E-05,31.11905854,12.16910489,32.21015047,117.6170213,0,132.5,4.84,26.367,10.79,63.29638298,16.47372458
Laiwu ,Shandong ,YCurrent,S1,134.9193139,185.0621921,0,93.82837118,0,33.58955823,1.372880442,7.96E-05,29.51218969,11.35829163,96.14771882,235.2340426,0,0,6.05,26.367,10.79,73.40276596,8.236862288
Laiwu ,Shandong ,YCurrent,S2,96.6207173,133.1183682,0,67.23616982,0,25.19216867,1.14513782,6.07E-05,29.52396714,11.36423444,71.51554755,176.4255319,0,66.25,5.445,26.367,10.79,68.34957447,6.177646716
Laiwu ,Shandong ,YCurrent,S3,61.66806115,85.14700833,0,42.92936995,0,16.79477911,0.917395197,4.31E-05,29.54710267,11.37590844,48.77256386,117.6170213,0,132.5,4.84,26.367,10.79,63.29638298,4.118431144
Laiwu ,Shandong ,Y2030,S1,134.1606007,125.8400889,0,66.73076008,0,33.58955823,1.372880442,7.48E-05,29.59693628,11.40105409,79.07377918,235.2340426,0,0,6.05,26.367,10.79,73.40276596,8.236862288
Laiwu ,Shandong ,Y2030,S2,95.37100465,91.62967676,0,47.49655633,0,25.19216867,1.14513782,6.94E-05,29.60736735,11.40631752,59.27182179,176.4255319,0,66.25,5.445,26.367,10.79,68.34957447,6.177646716
Laiwu ,Shandong ,Y2030,S3,60.62705759,58.97774689,0,30.23570805,0,16.79477911,0.917395197,4.32E-05,29.6328632,11.41918253,40.96224876,117.6170213,0,132.5,4.84,26.367,10.79,63.29638298,4.118431144
Laiwu ,Shandong ,Y2040,S1,136.1677193,84.49838656,0,62.51768615,0,33.58955823,1.372880442,8.70E-05,29.71737479,11.4618264,70.55821824,235.2340426,0,0,6.05,26.367,10.79,73.40276596,8.236862288
Laiwu ,Shandong ,Y2040,S2,97.25495524,61.30568385,6.61E-12,44.68860601,0,25.19216867,1.14513782,6.39E-05,29.73004522,11.4682198,53.17211745,176.4255319,0,66.25,5.445,26.367,10.79,68.34957447,6.177646716
Laiwu ,Shandong ,Y2040,S3,61.03657562,40.67144426,8.45E-12,28.18900556,0,16.79477911,0.917395197,4.72E-05,29.74773068,11.47714374,37.08002478,117.6170213,0,132.5,4.84,26.367,10.79,63.29638298,4.118431144
Laiwu ,Shandong ,Y2050,S1,144.9937932,20.90894025,-4.41E-12,64.19288186,0,33.58955823,1.372880442,0.000138631,30.52976737,11.87175324,60.37369572,235.2340426,0,0,6.05,26.367,10.79,73.40276596,8.236862288
Laiwu ,Shandong ,Y2050,S2,101.9219797,17.97716951,0,45.45155317,0,25.19216867,1.14513782,0.00010062,30.40829388,11.81045868,45.93064102,176.4255319,0,66.25,5.445,26.367,10.79,68.34957447,6.177646716
Laiwu ,Shandong ,Y2050,S3,62.69891287,15.07159634,-5.16E-12,28.16366945,0,16.79477911,0.917395197,6.66E-05,30.25698641,11.73411014,32.52507098,117.6170213,0,132.5,4.84,26.367,10.79,63.29638298,4.118431144
Lijiang,Yunnan ,YCurrent,S1,237.2777202,13.1952838,-2.93E-11,141.4546263,0,33.58955823,1.372880442,0.000350886,39.76982691,16.53421387,94.88148881,235.2340426,0,0,6.05,26.367,10.79,73.40276596,74.15271953
Lijiang,Yunnan ,YCurrent,S2,169.4318117,12.10240925,-1.70E-11,101.2877098,0,25.19216867,1.14513782,0.000229504,38.76875344,16.02908015,71.4677285,176.4255319,0,66.25,5.445,26.367,10.79,68.34957447,55.61453965
Lijiang,Yunnan ,YCurrent,S3,107.2635637,10.82647426,-5.68E-12,64.43406672,0,16.79477911,0.917395197,0.000152641,37.62979076,15.45436864,49.74277808,117.6170213,0,132.5,4.84,26.367,10.79,63.29638298,37.07635976
Lijiang,Yunnan ,Y2030,S1,187.390352,12.141667,-3.41E-12,89.14141284,0,33.58955823,1.372880442,0.000351971,39.77957725,16.53913381,74.60907091,235.2340426,0,0,6.05,26.367,10.79,73.40276596,74.15271953
Lijiang,Yunnan ,Y2030,S2,133.8178299,11.13579572,-1.60E-11,63.78227845,0,25.19216867,1.14513782,0.000229407,38.77746242,16.03347463,56.9225509,176.4255319,0,66.25,5.445,26.367,10.79,68.34957447,55.61453965
Lijiang,Yunnan ,Y2030,S3,84.68471927,9.948981836,-3.41E-12,40.56550742,0,16.79477911,0.917395197,0.000152447,37.64296971,15.46101862,40.45381558,117.6170213,0,132.5,4.84,26.367,10.79,63.29638298,37.07635976
Lijiang,Yunnan ,Y2040,S1,159.3886824,11.62661775,-1.44E-11,74.92458194,0,33.58955823,1.372880442,0.000353642,39.75021235,16.52431652,66.20910968,235.2340426,0,0,6.05,26.367,10.79,73.40276596,74.15271953
Lijiang,Yunnan ,Y2040,S2,113.748258,10.6842514,-2.14E-11,53.63757085,0,25.19216867,1.14513782,0.000222898,38.74131064,16.01523273,50.89023714,176.4255319,0,66.25,5.445,26.367,10.79,68.34957447,55.61453965
Lijiang,Yunnan ,Y2040,S3,71.90724755,9.697115593,-6.53E-12,34.09436093,0,16.79477911,0.917395197,0.000154008,37.54276435,15.4104558,36.59503799,117.6170213,0,132.5,4.84,26.367,10.79,63.29638298,37.07635976
Lijiang,Yunnan ,Y2050,S1,125.5737052,11.00817829,-6.12E-12,61.73328133,0,33.58955823,1.372880442,0.000353711,39.75845034,16.52847334,56.85981368,235.2340426,0,0,6.05,26.367,10.79,73.40276596,74.15271953
Lijiang,Yunnan ,Y2050,S2,89.61595165,10.11593767,-1.61E-11,44.1685583,0,25.19216867,1.14513782,0.000225375,38.74866795,16.01894517,44.18276152,176.4255319,0,66.25,5.445,26.367,10.79,68.34957447,55.61453965
Lijiang,Yunnan ,Y2050,S3,56.64512849,9.066840813,0,28.08436239,0,16.79477911,0.917395197,0.000151934,37.6031366,15.44091915,32.31205598,117.6170213,0,132.5,4.84,26.367,10.79,63.29638298,37.07635976
Liupanshui,Guizhou ,YCurrent,S1,267.7037792,21.50210764,1.79E-11,147.5989581,0,33.58955823,1.372880442,0.000186335,31.47532091,12.34887204,101.243099,235.2340426,0,0,6.05,26.367,10.79,73.40276596,49.44213266
Liupanshui,Guizhou ,YCurrent,S2,190.5140014,18.07926396,-1.17E-11,105.2528155,0,25.19216867,1.14513782,0.000134625,31.26783988,12.24417876,75.34358756,176.4255319,0,66.25,5.445,26.367,10.79,68.34957447,37.0815995
Liupanshui,Guizhou ,YCurrent,S3,119.7809331,14.73680125,-6.14E-12,66.45619783,0,16.79477911,0.917395197,8.93E-05,31.01498972,12.11659259,51.4113108,117.6170213,0,132.5,4.84,26.367,10.79,63.29638298,24.72106633
Liupanshui,Guizhou ,Y2030,S1,213.89636,15.2684015,1.16E-11,93.68453085,0,33.58955823,1.372880442,0.000250069,32.07477912,12.6513539,79.04357084,235.2340426,0,0,6.05,26.367,10.79,73.40276596,49.44213266
Liupanshui,Guizhou ,Y2030,S2,152.3371454,13.07454508,0,66.84941371,0,25.19216867,1.14513782,0.00016232,31.74185775,12.48336442,59.46337318,176.4255319,0,66.25,5.445,26.367,10.79,68.34957447,37.0815995
Liupanshui,Guizhou ,Y2030,S3,96.04637911,10.61842404,0,42.34109439,0,16.79477911,0.917395197,0.000104245,31.41523676,12.31855406,41.32496867,117.6170213,0,132.5,4.84,26.367,10.79,63.29638298,24.72106633
Liupanshui,Guizhou ,Y2040,S1,182.1514064,13.69081466,0,78.86366535,0,33.58955823,1.372880442,0.000254161,32.23728033,12.73335072,69.63800086,235.2340426,0,0,6.05,26.367,10.79,73.40276596,49.44213266
Liupanshui,Guizhou ,Y2040,S2,129.5769298,11.90989041,0,56.31377485,0,25.19216867,1.14513782,0.000162594,31.84477094,12.53529359,52.72701137,176.4255319,0,66.25,5.445,26.367,10.79,68.34957447,37.0815995
Liupanshui,Guizhou ,Y2040,S3,81.77458782,9.590284845,-1.01E-11,35.64402563,0,16.79477911,0.917395197,0.000105894,31.51570519,12.36924963,37.03525638,117.6170213,0,132.5,4.84,26.367,10.79,63.29638298,24.72106633
Liupanshui,Guizhou ,Y2050,S1,143.9318098,11.98201536,0,64.93727869,0,33.58955823,1.372880442,0.000265685,32.46939374,12.8504733,59.13149625,235.2340426,0,0,6.05,26.367,10.79,73.40276596,49.44213266
Liupanshui,Guizhou ,Y2050,S2,102.5032876,10.290974,0,46.37687601,0,25.19216867,1.14513782,0.000190602,32.08116656,12.65457695,45.21146491,176.4255319,0,66.25,5.445,26.367,10.79,68.34957447,37.0815995
Liupanshui,Guizhou ,Y2050,S3,64.649967,8.391039639,0,29.38612567,0,16.79477911,0.917395197,0.00011007,31.68164282,12.45298044,32.25733479,117.6170213,0,132.5,4.84,26.367,10.79,63.29638298,24.72106633
Lu’an,Anhui ,YCurrent,S1,291.4031528,45.05425231,0,151.2271848,0,33.58955823,1.372880442,0.000128908,30.29927278,11.7554475,110.8865256,235.2340426,0,0,6.05,26.367,10.79,73.40276596,13.72810381
Lu’an,Anhui ,YCurrent,S2,205.1576634,38.23122224,1.13E-11,106.7675769,0,25.19216867,1.14513782,9.31E-05,30.20353103,11.70713698,82.15914707,176.4255319,0,66.25,5.445,26.367,10.79,68.34957447,10.29607786
Lu’an,Anhui ,YCurrent,S3,127.9559557,28.99173706,7.62E-12,66.92638022,0,16.79477911,0.917395197,5.93E-05,30.13914905,11.67465034,55.64928033,117.6170213,0,132.5,4.84,26.367,10.79,63.29638298,6.864051907
Lu’an,Anhui ,Y2030,S1,245.4745982,16.17532455,0,100.1557036,0,33.58955823,1.372880442,0.000186201,31.38272638,12.30214958,86.48867459,235.2340426,0,0,6.05,26.367,10.79,73.40276596,13.72810381
Lu’an,Anhui ,Y2030,S2,174.7458798,13.86759896,0,71.42759892,0,25.19216867,1.14513782,0.000139147,31.16093294,12.19023437,64.74669414,176.4255319,0,66.25,5.445,26.367,10.79,68.34957447,10.29607786
Lu’an,Anhui ,Y2030,S3,110.0271739,11.48345475,-2.12E-13,45.09003015,0,16.79477911,0.917395197,8.49E-05,30.91330925,12.06528543,44.63163153,117.6170213,0,132.5,4.84,26.367,10.79,63.29638298,6.864051907
Lu’an,Anhui ,Y2040,S1,209.3731204,14.01935129,3.26E-11,84.3783981,0,33.58955823,1.372880442,0.000195372,31.55917756,12.39118545,75.93038409,235.2340426,0,0,6.05,26.367,10.79,73.40276596,13.72810381
Lu’an,Anhui ,Y2040,S2,149.1998967,11.84571865,5.76E-12,60.23326058,0,25.19216867,1.14513782,0.000139291,31.33534335,12.27824048,57.18676284,176.4255319,0,66.25,5.445,26.367,10.79,68.34957447,10.29607786
Lu’an,Anhui ,Y2040,S3,94.04363116,9.762239248,-3.01E-12,38.07496723,0,16.79477911,0.917395197,9.43E-05,31.06336898,12.14100437,39.82191098,117.6170213,0,132.5,4.84,26.367,10.79,63.29638298,6.864051907
Lu’an,Anhui ,Y2050,S1,165.8067208,11.6857497,-5.70E-12,69.49395385,0,33.58955823,1.372880442,0.000219453,31.83969886,12.53273426,64.07745485,235.2340426,0,0,6.05,26.367,10.79,73.40276596,13.72810381
Lu’an,Anhui ,Y2050,S2,118.2099836,9.940955546,0,49.60182667,0,25.19216867,1.14513782,0.000161428,31.56183027,12.39252398,48.70676656,176.4255319,0,66.25,5.445,26.367,10.79,68.34957447,10.29607786
Lu’an,Anhui ,Y2050,S3,74.64015206,8.006415524,6.26E-12,31.46088563,0,16.79477911,0.917395197,9.32E-05,31.286936,12.25381452,34.43429912,117.6170213,0,132.5,4.84,26.367,10.79,63.29638298,6.864051907
Maoming,Guangdong ,YCurrent,S1,128.5381281,205.7444712,0,89.75796602,0,33.58955823,1.372880442,7.60E-05,29.16440541,11.18280245,98.05389468,235.2340426,0,0,6.05,26.367,10.79,73.40276596,8.236862288
Maoming,Guangdong ,YCurrent,S2,92.25287675,147.6645073,0,64.39999789,0,25.19216867,1.14513782,5.58E-05,29.17275255,11.18701434,72.85350321,176.4255319,0,66.25,5.445,26.367,10.79,68.34957447,6.177646716
Maoming,Guangdong ,YCurrent,S3,58.94423171,94.36428344,0,41.12780236,0,16.79477911,0.917395197,3.58E-05,29.18779548,11.19460489,49.58771752,117.6170213,0,132.5,4.84,26.367,10.79,63.29638298,4.118431144
Maoming,Guangdong ,Y2030,S1,125.702946,150.4031353,0,61.23681944,0,33.58955823,1.372880442,7.54E-05,29.20631282,11.20394859,81.04206693,235.2340426,0,0,6.05,26.367,10.79,73.40276596,8.236862288
Maoming,Guangdong ,Y2030,S2,90.22056538,107.9485909,0,43.93851848,0,25.19216867,1.14513782,5.92E-05,29.2153293,11.20849824,60.65040152,176.4255319,0,66.25,5.445,26.367,10.79,68.34957447,6.177646716
Maoming,Guangdong ,Y2030,S3,57.60277047,69.04222833,1.41E-11,28.05661419,0,16.79477911,0.917395197,4.80E-05,29.23407945,11.21795941,41.79897061,117.6170213,0,132.5,4.84,26.367,10.79,63.29638298,4.118431144
Maoming,Guangdong ,Y2040,S1,123.7001606,113.844953,1.89E-11,56.31135376,0,33.58955823,1.372880442,8.40E-05,29.25559324,11.2288151,72.51750407,235.2340426,0,0,6.05,26.367,10.79,73.40276596,8.236862288
Maoming,Guangdong ,Y2040,S2,88.5601255,81.97950441,1.64E-11,40.36613916,0,25.19216867,1.14513782,6.02E-05,29.26506328,11.23359361,54.53819722,176.4255319,0,66.25,5.445,26.367,10.79,68.34957447,6.177646716
Maoming,Guangdong ,Y2040,S3,56.25319941,52.84988397,4.58E-12,25.67236296,0,16.79477911,0.917395197,4.64E-05,29.28264241,11.2424639,37.9005572,117.6170213,0,132.5,4.84,26.367,10.79,63.29638298,4.118431144
Maoming,Guangdong ,Y2050,S1,152.4050391,26.0453475,-4.03E-12,63.0201142,0,33.58955823,1.372880442,0.000126599,29.79552719,11.50126148,62.39037099,235.2340426,0,0,6.05,26.367,10.79,73.40276596,8.236862288
Maoming,Guangdong ,Y2050,S2,106.4367597,22.67475372,0,44.3384938,0,25.19216867,1.14513782,9.52E-05,29.71266398,11.45944936,47.31552217,176.4255319,0,66.25,5.445,26.367,10.79,68.34957447,6.177646716
Maoming,Guangdong ,Y2050,S3,65.01270544,18.56079049,1.68E-12,27.42482862,0,16.79477911,0.917395197,6.90E-05,29.62645786,11.41595044,33.33319486,117.6170213,0,132.5,4.84,26.367,10.79,63.29638298,4.118431144
Rizhao,Shandong,YCurrent,S1,111.2066609,183.6659329,0,91.26475186,0,33.58955823,1.372880442,6.78E-05,29.49662026,11.35043542,90.7092567,235.2340426,0,0,6.05,26.367,10.79,73.40276596,8.236862288
Rizhao,Shandong,YCurrent,S2,79.49049539,132.10515,-8.25E-13,65.51860985,0,25.19216867,1.14513782,6.34E-05,29.5092553,11.35681096,67.61123698,176.4255319,0,66.25,5.445,26.367,10.79,68.34957447,6.177646716
Rizhao,Shandong,YCurrent,S3,50.62470376,84.58581361,0,41.84279752,0,16.79477911,0.917395197,4.05E-05,29.53376839,11.36918007,46.27655716,117.6170213,0,132.5,4.84,26.367,10.79,63.29638298,4.118431144
Rizhao,Shandong,Y2030,S1,96.65178684,150.903368,4.56E-12,58.64246958,0,33.58955823,1.372880442,7.40E-05,29.52936918,11.36696027,75.02173412,235.2340426,0,0,6.05,26.367,10.79,73.40276596,8.236862288
Rizhao,Shandong,Y2030,S2,69.35768577,108.3241092,-1.15E-11,42.07183765,0,25.19216867,1.14513782,5.65E-05,29.54187211,11.37326914,56.35737116,176.4255319,0,66.25,5.445,26.367,10.79,68.34957447,6.177646716
Rizhao,Shandong,Y2030,S3,43.93448035,69.60789387,0,26.87525063,0,16.79477911,0.917395197,4.19E-05,29.56801685,11.38646157,39.09278391,117.6170213,0,132.5,4.84,26.367,10.79,63.29638298,4.118431144
Rizhao,Shandong,Y2040,S1,88.05629218,130.5111952,-2.20E-11,49.33954198,0,33.58955823,1.372880442,8.13E-05,29.55782387,11.38131827,67.51128826,235.2340426,0,0,6.05,26.367,10.79,73.40276596,8.236862288
Rizhao,Shandong,Y2040,S2,63.14557909,93.7161675,1.92E-12,35.41774694,0,25.19216867,1.14513782,5.88E-05,29.5723022,11.38862393,50.97145913,176.4255319,0,66.25,5.445,26.367,10.79,68.34957447,6.177646716
Rizhao,Shandong,Y2040,S3,40.19034676,60.04691496,0,22.6327008,0,16.79477911,0.917395197,4.89E-05,29.60028198,11.4027423,35.65660717,117.6170213,0,132.5,4.84,26.367,10.79,63.29638298,4.118431144
Rizhao,Shandong,Y2050,S1,95.19266274,83.77014108,-9.43E-12,47.04388247,0,33.58955823,1.372880442,8.87E-05,29.69338636,11.44972203,59.32366623,235.2340426,0,0,6.05,26.367,10.79,73.40276596,8.236862288
Rizhao,Shandong,Y2050,S2,67.24377647,61.59274295,1.77E-11,33.38665362,0,25.19216867,1.14513782,7.96E-05,29.70170074,11.4539174,45.1077458,176.4255319,0,66.25,5.445,26.367,10.79,68.34957447,6.177646716
Rizhao,Shandong,Y2050,S3,42.20363187,40.42328085,7.25E-12,21.05457981,0,16.79477911,0.917395197,5.17E-05,29.7260617,11.46620975,31.92586432,117.6170213,0,132.5,4.84,26.367,10.79,63.29638298,4.118431144
Tangshan,Hebei,YCurrent,S1,116.3769536,187.0855157,0,89.6515334,0,33.58955823,1.372880442,6.43E-05,29.38057257,11.29187868,92.04492712,235.2340426,0,0,6.05,26.367,10.79,73.40276596,8.236862288
Tangshan,Hebei,YCurrent,S2,83.41778504,134.3988863,0,64.30455618,0,25.19216867,1.14513782,5.54E-05,29.38969857,11.29648359,68.55909669,176.4255319,0,66.25,5.445,26.367,10.79,68.34957447,6.177646716
Tangshan,Hebei,YCurrent,S3,53.25253114,85.94895131,7.10E-12,41.05114052,0,16.79477911,0.917395197,4.24E-05,29.40964562,11.30654871,46.86811151,117.6170213,0,132.5,4.84,26.367,10.79,63.29638298,4.118431144
Tangshan,Hebei,Y2030,S1,103.460702,150.1292816,0,58.50080501,0,33.58955823,1.372880442,7.03E-05,29.41142272,11.30744542,76.14408566,235.2340426,0,0,6.05,26.367,10.79,73.40276596,8.236862288
Tangshan,Hebei,Y2030,S2,74.18384062,107.8463873,-1.04E-12,41.9533987,0,25.19216867,1.14513782,4.98E-05,29.42113192,11.3123446,57.15231174,176.4255319,0,66.25,5.445,26.367,10.79,68.34957447,6.177646716
Tangshan,Hebei,Y2030,S3,47.35663513,68.98416721,0,26.77862918,0,16.79477911,0.917395197,3.80E-05,29.44076689,11.32225225,39.58572235,117.6170213,0,132.5,4.84,26.367,10.79,63.29638298,4.118431144
Tangshan,Hebei,Y2040,S1,103.3228186,116.3662319,1.35E-11,52.85396986,0,33.58955823,1.372880442,8.46E-05,29.45853931,11.33122007,68.39229252,235.2340426,0,0,6.05,26.367,10.79,73.40276596,8.236862288
Tangshan,Hebei,Y2040,S2,73.68481037,84.18346904,-3.07E-11,37.74132127,0,25.19216867,1.14513782,6.19E-05,29.46875247,11.33637356,51.59477604,176.4255319,0,66.25,5.445,26.367,10.79,68.34957447,6.177646716
Tangshan,Hebei,Y2040,S3,46.83137488,54.12089102,-7.06E-12,24.04688071,0,16.79477911,0.917395197,4.30E-05,29.48973023,11.34695876,36.0420368,117.6170213,0,132.5,4.84,26.367,10.79,63.29638298,4.118431144
Tangshan,Hebei,Y2050,S1,132.4319137,32.42287872,-8.12E-12,60.68497636,0,33.58955823,1.372880442,0.000110906,29.91131091,11.55968503,59.29637026,235.2340426,0,0,6.05,26.367,10.79,73.40276596,8.236862288
Tangshan,Hebei,Y2050,S2,92.88247705,26.34400278,7.30E-12,42.73207831,0,25.19216867,1.14513782,8.49E-05,29.86962518,11.53865074,45.10539891,176.4255319,0,66.25,5.445,26.367,10.79,68.34957447,6.177646716
Tangshan,Hebei,Y2050,S3,56.99094718,20.20741623,6.24E-12,26.40799773,0,16.79477911,0.917395197,5.37E-05,29.82157196,11.51440347,31.93932983,117.6170213,0,132.5,4.84,26.367,10.79,63.29638298,4.118431144
Tongilao,Inner Mongolia,YCurrent,S1,1.820116965,177.7832082,-4.81E-11,82.42659693,0,33.58955823,1.372880442,0.000101776,29.19431243,11.19789329,66.24984812,235.2340426,0,0,6.05,26.367,10.79,73.40276596,41.20527038
Tongilao,Inner Mongolia,YCurrent,S2,1.608763919,127.4192245,-2.76E-11,59.05595757,0,25.19216867,1.14513782,7.69E-05,29.17537078,11.18833549,50.03034075,176.4255319,0,66.25,5.445,26.367,10.79,68.34957447,30.90395278
Tongilao,Inner Mongolia,YCurrent,S3,1.320440916,81.25108189,0,37.63215805,0,16.79477911,0.917395197,4.76E-05,29.16557476,11.18339249,35.00461544,117.6170213,0,132.5,4.84,26.367,10.79,63.29638298,20.60263519
Tongilao,Inner Mongolia,Y2030,S1,1.815277511,154.2225133,-2.59E-11,52.4127499,0,33.58955823,1.372880442,9.71E-05,29.1763888,11.18884917,55.72354645,235.2340426,0,0,6.05,26.367,10.79,73.40276596,41.20527038
Tongilao,Inner Mongolia,Y2030,S2,1.568303311,110.4854097,-2.49E-11,37.57625488,0,25.19216867,1.14513782,7.07E-05,29.16395425,11.18257479,42.47603004,176.4255319,0,66.25,5.445,26.367,10.79,68.34957447,30.90395278
Tongilao,Inner Mongolia,Y2030,S3,1.194662383,70.47945598,-2.94E-12,23.95351789,0,16.79477911,0.917395197,4.40E-05,29.16620078,11.18370837,30.1789751,117.6170213,0,132.5,4.84,26.367,10.79,63.29638298,20.60263519
Tongilao,Inner Mongolia,Y2040,S1,2.007918525,138.9129255,-3.02E-11,44.19238782,0,33.58955823,1.372880442,9.09E-05,29.15710101,11.1791167,51.13526396,235.2340426,0,0,6.05,26.367,10.79,73.40276596,41.20527038
Tongilao,Inner Mongolia,Y2040,S2,1.696993807,99.48710053,1.17E-11,31.69052504,0,25.19216867,1.14513782,6.84E-05,29.15232093,11.17670471,39.18246294,176.4255319,0,66.25,5.445,26.367,10.79,68.34957447,30.90395278
Tongilao,Inner Mongolia,Y2040,S3,1.340862277,63.38262203,-1.00E-11,20.20174949,0,16.79477911,0.917395197,4.32E-05,29.15460248,11.17785597,28.07399298,117.6170213,0,132.5,4.84,26.367,10.79,63.29638298,20.60263519
Tongilao,Inner Mongolia,Y2050,S1,9.360730443,118.3696774,0,35.71336224,0,33.58955823,1.372880442,7.16E-05,29.09345795,11.14700292,46.86137769,235.2340426,0,0,6.05,26.367,10.79,73.40276596,41.20527038
Tongilao,Inner Mongolia,Y2050,S2,6.816684085,84.88824904,0,25.6016926,0,25.19216867,1.14513782,4.99E-05,29.09984548,11.15022602,36.10997851,176.4255319,0,66.25,5.445,26.367,10.79,68.34957447,30.90395278
Tongilao,Inner Mongolia,Y2050,S3,4.418255219,54.19320825,0,16.35068372,0,16.79477911,0.917395197,4.14E-05,29.11393484,11.1573354,26.10559647,117.6170213,0,132.5,4.84,26.367,10.79,63.29638298,20.60263519
Urumqi,Xinjiang ,YCurrent,S1,272.944533,14.2747291,1.08E-11,153.7262394,0,33.58955823,1.372880442,0.000280502,36.78736644,15.02928801,103.6256123,235.2340426,0,0,6.05,26.367,10.79,73.40276596,222.4581586
Urumqi,Xinjiang ,YCurrent,S2,194.9661411,12.82227083,2.44E-11,109.8172052,0,25.19216867,1.14513782,0.00020518,36.0527015,14.65858192,77.49550388,176.4255319,0,66.25,5.445,26.367,10.79,68.34957447,166.8436189
Urumqi,Xinjiang ,YCurrent,S3,123.4541898,11.07077539,0,69.68743649,0,16.79477911,0.917395197,0.00012921,35.27533184,14.26632737,53.30593563,117.6170213,0,132.5,4.84,26.367,10.79,63.29638298,111.2290793
Urumqi,Xinjiang ,Y2030,S1,215.7718188,12.57459646,0,97.02557681,0,33.58955823,1.372880442,0.000284567,36.98609865,15.12956671,80.98997272,235.2340426,0,0,6.05,26.367,10.79,73.40276596,222.4581586
Urumqi,Xinjiang ,Y2030,S2,154.1572926,11.08545334,-6.42E-12,69.37456464,0,25.19216867,1.14513782,0.000204945,36.30130625,14.7840259,61.27312462,176.4255319,0,66.25,5.445,26.367,10.79,68.34957447,166.8436189
Urumqi,Xinjiang ,Y2030,S3,97.66131104,9.64827471,1.05E-11,43.97340618,0,16.79477911,0.917395197,0.000125258,35.46280261,14.36092363,42.96794743,117.6170213,0,132.5,4.84,26.367,10.79,63.29638298,111.2290793
Urumqi,Xinjiang ,Y2040,S1,183.5060819,11.95262615,0,81.57577665,0,33.58955823,1.372880442,0.000281282,36.99097805,15.13202881,71.49971822,235.2340426,0,0,6.05,26.367,10.79,73.40276596,222.4581586
Urumqi,Xinjiang ,Y2040,S2,131.0945261,10.5370844,2.90E-12,58.30240004,0,25.19216867,1.14513782,0.000204977,36.30582808,14.78630758,54.46394553,176.4255319,0,66.25,5.445,26.367,10.79,68.34957447,166.8436189
Urumqi,Xinjiang ,Y2040,S3,83.01017292,9.170934073,0,36.95061899,0,16.79477911,0.917395197,0.000122808,35.46699257,14.36303785,38.61949698,117.6170213,0,132.5,4.84,26.367,10.79,63.29638298,111.2290793
Urumqi,Xinjiang ,Y2050,S1,144.6966051,11.13385152,0,67.11787544,0,33.58955823,1.372880442,0.000285565,37.06996252,15.17188375,60.90253832,235.2340426,0,0,6.05,26.367,10.79,73.40276596,222.4581586
Urumqi,Xinjiang ,Y2050,S2,103.3512735,9.877149083,2.58E-11,47.94707996,0,25.19216867,1.14513782,0.000213647,36.35051599,14.80885675,46.8664152,176.4255319,0,66.25,5.445,26.367,10.79,68.34957447,166.8436189
Urumqi,Xinjiang ,Y2050,S3,65.45691689,8.461075136,0,30.39918119,0,16.79477911,0.917395197,0.00012652,35.56009754,14.41001788,33.77434647,117.6170213,0,132.5,4.84,26.367,10.79,63.29638298,111.2290793
Wuhai,Inner Mongolia,YCurrent,S1,80.73093302,172.1439509,0,80.09566632,0,33.58955823,1.372880442,6.79E-05,29.27685781,11.23954503,80.20434008,235.2340426,0,0,6.05,26.367,10.79,73.40276596,41.20527038
Wuhai,Inner Mongolia,YCurrent,S2,57.94125838,123.5491374,0,57.46518255,0,25.19216867,1.14513782,5.10E-05,29.28533706,11.24382359,60.05212847,176.4255319,0,66.25,5.445,26.367,10.79,68.34957447,30.90395278
Wuhai,Inner Mongolia,YCurrent,S3,37.00387238,78.96362052,0,36.70185696,0,16.79477911,0.917395197,3.66E-05,29.30094681,11.25170015,41.41966291,117.6170213,0,132.5,4.84,26.367,10.79,63.29638298,20.60263519
Wuhai,Inner Mongolia,Y2030,S1,72.76034666,140.3756006,0,51.60960301,0,33.58955823,1.372880442,6.65E-05,29.29840573,11.25041794,66.81384392,235.2340426,0,0,6.05,26.367,10.79,73.40276596,41.20527038
Wuhai,Inner Mongolia,Y2030,S2,52.17955635,100.8131499,0,37.00987697,0,25.19216867,1.14513782,5.31E-05,29.30716596,11.25483828,50.44602371,176.4255319,0,66.25,5.445,26.367,10.79,68.34957447,30.90395278
Wuhai,Inner Mongolia,Y2030,S3,33.29481617,64.48056569,0,23.628658,0,16.79477911,0.917395197,3.28E-05,29.32282516,11.2627398,35.28677758,117.6170213,0,132.5,4.84,26.367,10.79,63.29638298,20.60263519
Wuhai,Inner Mongolia,Y2040,S1,67.86306066,120.4687796,0,43.80566796,0,33.58955823,1.372880442,6.59E-05,29.31749877,11.26005214,60.4164735,235.2340426,0,0,6.05,26.367,10.79,73.40276596,41.20527038
Wuhai,Inner Mongolia,Y2040,S2,48.49200361,86.69907666,0,31.41542091,0,25.19216867,1.14513782,6.29E-05,29.32624678,11.26446631,45.85753934,176.4255319,0,66.25,5.445,26.367,10.79,68.34957447,30.90395278
Wuhai,Inner Mongolia,Y2040,S3,30.96482861,55.42745642,0,20.06957432,0,16.79477911,0.917395197,3.81E-05,29.3450119,11.27393504,32.35924298,117.6170213,0,132.5,4.84,26.367,10.79,63.29638298,20.60263519
Wuhai,Inner Mongolia,Y2050,S1,77.27650339,76.32956861,1.69E-11,43.25153288,0,33.58955823,1.372880442,8.26E-05,29.4083707,11.30590539,53.5156587,235.2340426,0,0,6.05,26.367,10.79,73.40276596,41.20527038
Wuhai,Inner Mongolia,Y2050,S2,54.78816252,55.7103327,-1.22E-11,30.79687476,0,25.19216867,1.14513782,6.24E-05,29.4151049,11.30930342,40.91362368,176.4255319,0,66.25,5.445,26.367,10.79,68.34957447,30.90395278
Wuhai,Inner Mongolia,Y2050,S3,34.57514645,36.22279116,-1.06E-11,19.50117213,0,16.79477911,0.917395197,4.16E-05,29.43228348,11.31797159,29.21126255,117.6170213,0,132.5,4.84,26.367,10.79,63.29638298,20.60263519
Xingtai,Hebei,YCurrent,S1,120.8047544,185.7306457,-5.62E-12,87.45807472,0,33.58955823,1.372880442,7.65E-05,29.30512731,11.2538096,92.19533524,235.2340426,0,0,6.05,26.367,10.79,73.40276596,8.236862288
Xingtai,Hebei,YCurrent,S2,86.60706825,133.4191023,0,62.7263552,0,25.19216867,1.14513782,6.86E-05,29.31601009,11.25930096,68.66129187,176.4255319,0,66.25,5.445,26.367,10.79,68.34957447,6.177646716
Xingtai,Hebei,YCurrent,S3,55.22291097,85.37218405,5.17E-12,40.06120929,0,16.79477911,0.917395197,4.52E-05,29.33944127,11.27112415,46.92663851,117.6170213,0,132.5,4.84,26.367,10.79,63.29638298,4.118431144
Xingtai,Hebei,Y2030,S1,103.4388131,153.8398401,0,56.08951096,0,33.58955823,1.372880442,8.38E-05,29.33296781,11.26785769,76.37173835,235.2340426,0,0,6.05,26.367,10.79,73.40276596,8.236862288
Xingtai,Hebei,Y2030,S2,74.16752207,110.5025441,0,40.23040775,0,25.19216867,1.14513782,6.42E-05,29.3449248,11.27389109,57.3098343,176.4255319,0,66.25,5.445,26.367,10.79,68.34957447,6.177646716
Xingtai,Hebei,Y2030,S3,47.2742295,70.70679784,3.38E-13,25.7245405,0,16.79477911,0.917395197,4.13E-05,29.36766709,11.28536667,39.67922141,117.6170213,0,132.5,4.84,26.367,10.79,63.29638298,4.118431144
Xingtai,Hebei,Y2040,S1,93.71763824,132.6662906,0,47.81820654,0,33.58955823,1.372880442,8.16E-05,29.35894351,11.28096483,68.68865548,235.2340426,0,0,6.05,26.367,10.79,73.40276596,8.236862288
Xingtai,Hebei,Y2040,S2,67.2182757,95.29132691,0,34.2884318,0,25.19216867,1.14513782,5.98E-05,29.37138273,11.28724155,51.79937245,176.4255319,0,66.25,5.445,26.367,10.79,68.34957447,6.177646716
Xingtai,Hebei,Y2040,S3,42.82824399,61.05248068,-1.43E-12,21.87693395,0,16.79477911,0.917395197,4.73E-05,29.39332928,11.29831561,36.1625,117.6170213,0,132.5,4.84,26.367,10.79,63.29638298,4.118431144
Xingtai,Hebei,Y2050,S1,107.1383052,74.00035681,0,49.57875126,0,33.58955823,1.372880442,8.82E-05,29.50883971,11.35660126,60.19415476,235.2340426,0,0,6.05,26.367,10.79,73.40276596,8.236862288
Xingtai,Hebei,Y2050,S2,75.83868381,54.53647226,0,35.22903679,0,25.19216867,1.14513782,6.57E-05,29.51502706,11.35972334,45.71649807,176.4255319,0,66.25,5.445,26.367,10.79,68.34957447,6.177646716
Xingtai,Hebei,Y2050,S3,47.74810089,35.85577115,0,22.23793746,0,16.79477911,0.917395197,4.49E-05,29.53318968,11.36888806,32.2930859,117.6170213,0,132.5,4.84,26.367,10.79,63.29638298,4.118431144
Zhangjiagang,Jiangsu ,YCurrent,S1,54.57260258,231.2767441,0,85.62060585,0,33.58955823,1.372880442,4.40E-05,29.04878619,11.12446191,87.69680863,235.2340426,0,0,6.05,26.367,10.79,73.40276596,8.236862288
Zhangjiagang,Jiangsu ,YCurrent,S2,39.16720975,165.9892323,0,61.43078578,0,25.19216867,1.14513782,3.68E-05,29.05242378,11.12629741,65.4091445,176.4255319,0,66.25,5.445,26.367,10.79,68.34957447,6.177646716
Zhangjiagang,Jiangsu ,YCurrent,S3,24.97021226,106.1364266,0,39.22002205,0,16.79477911,0.917395197,3.30E-05,29.06025806,11.13025052,44.81579328,117.6170213,0,132.5,4.84,26.367,10.79,63.29638298,4.118431144
Zhangjiagang,Jiangsu ,Y2030,S1,62.46478839,181.9226423,0,54.52029987,0,33.58955823,1.372880442,6.83E-05,29.05978817,11.13001342,73.45153207,235.2340426,0,0,6.05,26.367,10.79,73.40276596,8.236862288
Zhangjiagang,Jiangsu ,Y2030,S2,44.83275563,130.5710224,0,39.11802977,0,25.19216867,1.14513782,4.80E-05,29.06429525,11.13228766,55.18893472,176.4255319,0,66.25,5.445,26.367,10.79,68.34957447,6.177646716
Zhangjiagang,Jiangsu ,Y2030,S3,28.5813624,83.52036907,0,24.9713839,0,16.79477911,0.917395197,4.03E-05,29.07276315,11.13656049,38.28972506,117.6170213,0,132.5,4.84,26.367,10.79,63.29638298,4.118431144
Zhangjiagang,Jiangsu ,Y2040,S1,67.96378561,149.260159,0,45.87592411,0,33.58955823,1.372880442,6.07E-05,29.07269076,11.13652396,66.42400529,235.2340426,0,0,6.05,26.367,10.79,73.40276596,8.236862288
Zhangjiagang,Jiangsu ,Y2040,S2,48.75912757,107.1487075,0,32.92152866,0,25.19216867,1.14513782,5.47E-05,29.07777881,11.13909135,50.14787564,176.4255319,0,66.25,5.445,26.367,10.79,68.34957447,6.177646716
Zhangjiagang,Jiangsu ,Y2040,S3,31.06370043,68.59049376,6.97E-12,21.01041126,0,16.79477911,0.917395197,3.98E-05,29.08717659,11.1438334,35.07195997,117.6170213,0,132.5,4.84,26.367,10.79,63.29638298,4.118431144
Zhangjiagang,Jiangsu ,Y2050,S1,70.13040323,115.9571267,0,38.77778315,0,33.58955823,1.372880442,7.07E-05,29.09354124,11.14704495,58.92231738,235.2340426,0,0,6.05,26.367,10.79,73.40276596,8.236862288
Zhangjiagang,Jiangsu ,Y2050,S2,50.33796966,83.2313242,1.76E-11,27.82402172,0,25.19216867,1.14513782,5.17E-05,29.09896719,11.14978284,44.76671178,176.4255319,0,66.25,5.445,26.367,10.79,68.34957447,6.177646716
Zhangjiagang,Jiangsu ,Y2050,S3,32.07928296,53.316006,0,17.74420029,0,16.79477911,0.917395197,4.08E-05,29.11007433,11.15538741,31.63744173,117.6170213,0,132.5,4.84,26.367,10.79,63.29638298,4.118431144
Zhangjiakou,Hebei,YCurrent,S1,116.7699626,169.0641835,0,97.08920365,0,33.58955823,1.372880442,8.48E-05,29.4993843,11.35183013,90.07896696,235.2340426,0,0,6.05,26.367,10.79,73.40276596,8.236862288
Zhangjiakou,Hebei,YCurrent,S2,83.78902839,121.3500167,-1.52E-11,69.66781399,0,25.19216867,1.14513782,6.41E-05,29.51145621,11.35792152,67.15880026,176.4255319,0,66.25,5.445,26.367,10.79,68.34957447,6.177646716
Zhangjiakou,Hebei,YCurrent,S3,53.40234755,77.69120281,-1.21E-11,44.48534402,0,16.79477911,0.917395197,5.04E-05,29.53407898,11.36933679,45.9871293,117.6170213,0,132.5,4.84,26.367,10.79,63.29638298,4.118431144
Zhangjiakou,Hebei,Y2030,S1,137.0502447,87.37458162,-3.95E-11,73.60807152,0,33.58955823,1.372880442,9.11E-05,29.66383727,11.43481179,73.45821578,235.2340426,0,0,6.05,26.367,10.79,73.40276596,8.236862288
Zhangjiakou,Hebei,Y2030,S2,97.49801412,63.75387845,-1.81E-11,52.64907053,0,25.19216867,1.14513782,6.70E-05,29.67356006,11.43971784,55.2470325,176.4255319,0,66.25,5.445,26.367,10.79,68.34957447,6.177646716
Zhangjiakou,Hebei,Y2030,S3,61.62210342,41.59845831,0,33.46437733,0,16.79477911,0.917395197,4.72E-05,29.69681163,11.45145039,38.39787567,117.6170213,0,132.5,4.84,26.367,10.79,63.29638298,4.118431144
Zhangjiakou,Hebei,Y2040,S1,142.1738346,44.13026069,-1.19E-11,69.86539645,0,33.58955823,1.372880442,0.000119274,29.94467205,11.57651879,65.32077102,235.2340426,0,0,6.05,26.367,10.79,73.40276596,8.236862288
Zhangjiakou,Hebei,Y2040,S2,99.90813444,34.53468487,-2.25E-11,49.46975221,0,25.19216867,1.14513782,9.47E-05,29.92110798,11.56462855,49.43156603,176.4255319,0,66.25,5.445,26.367,10.79,68.34957447,6.177646716
Zhangjiakou,Hebei,Y2040,S3,61.63702806,25.07965775,0,30.88770412,0,16.79477911,0.917395197,6.51E-05,29.89704237,11.55248523,34.71032371,117.6170213,0,132.5,4.84,26.367,10.79,63.29638298,4.118431144
Zhangjiakou,Hebei,Y2050,S1,126.9500998,17.49448697,1.20E-11,62.47777213,0,33.58955823,1.372880442,0.000158083,30.68513356,11.95014979,55.86923293,235.2340426,0,0,6.05,26.367,10.79,73.40276596,8.236862288
Zhangjiakou,Hebei,Y2050,S2,89.46873426,14.99578158,-7.76E-12,44.31126933,0,25.19216867,1.14513782,0.00012198,30.53125841,11.87250561,42.71227501,176.4255319,0,66.25,5.445,26.367,10.79,68.34957447,6.177646716
Zhangjiakou,Hebei,Y2050,S3,55.49348944,12.12007161,-1.16E-11,27.74525786,0,16.79477911,0.917395197,8.22E-05,30.37717013,11.79475389,30.48397305,117.6170213,0,132.5,4.84,26.367,10.79,63.29638298,4.118431144
Zhanjiang,Guangdong ,YCurrent,S1,65.11606756,227.9987309,0,84.53208845,0,33.58955823,1.372880442,6.64E-05,29.09008176,11.14529932,88.92193469,235.2340426,0,0,6.05,26.367,10.79,73.40276596,8.236862288
Zhanjiang,Guangdong ,YCurrent,S2,46.73434069,163.6365764,0,60.64948171,0,25.19216867,1.14513782,4.91E-05,29.09509815,11.14783055,66.29226544,176.4255319,0,66.25,5.445,26.367,10.79,68.34957447,6.177646716
Zhanjiang,Guangdong ,YCurrent,S3,29.86372667,104.5654634,2.14E-11,38.73016158,0,16.79477911,0.917395197,3.71E-05,29.1065968,11.15363268,45.3857202,117.6170213,0,132.5,4.84,26.367,10.79,63.29638298,4.118431144
Zhanjiang,Guangdong ,Y2030,S1,68.1447855,181.4019004,0,54.31595621,0,33.58955823,1.372880442,7.13E-05,29.10331991,11.15197919,74.43735498,235.2340426,0,0,6.05,26.367,10.79,73.40276596,8.236862288
Zhanjiang,Guangdong ,Y2030,S2,48.90944249,130.1972814,3.44E-11,38.97131954,0,25.19216867,1.14513782,5.15E-05,29.10929793,11.15499565,55.90054419,176.4255319,0,66.25,5.445,26.367,10.79,68.34957447,6.177646716
Zhanjiang,Guangdong ,Y2030,S3,31.10573328,83.35017101,0,24.88987225,0,16.79477911,0.917395197,3.89E-05,29.1206182,11.16070777,38.75012982,117.6170213,0,132.5,4.84,26.367,10.79,63.29638298,4.118431144
Zhanjiang,Guangdong ,Y2040,S1,69.13939245,152.5382908,0,45.71818335,0,33.58955823,1.372880442,7.42E-05,29.11644993,11.15860449,67.28051121,235.2340426,0,0,6.05,26.367,10.79,73.40276596,8.236862288
Zhanjiang,Guangdong ,Y2040,S2,49.47181658,109.6024613,0,32.83860666,0,25.19216867,1.14513782,5.59E-05,29.12322748,11.16202439,50.76679273,176.4255319,0,66.25,5.445,26.367,10.79,68.34957447,6.177646716
Zhanjiang,Guangdong ,Y2040,S3,31.57186562,70.09091114,0,20.97229168,0,16.79477911,0.917395197,3.47E-05,29.13550244,11.16821823,35.47316258,117.6170213,0,132.5,4.84,26.367,10.79,63.29638298,4.118431144
Zhanjiang,Guangdong ,Y2050,S1,73.16075762,115.3916409,0,39.88714127,0,33.58955823,1.372880442,7.44E-05,29.14378298,11.17239653,59.63900752,235.2340426,0,0,6.05,26.367,10.79,73.40276596,8.236862288
Zhanjiang,Guangdong ,Y2050,S2,52.44715545,82.89609798,0,28.61567941,0,25.19216867,1.14513782,7.11E-05,29.15014485,11.17560668,45.285628,176.4255319,0,66.25,5.445,26.367,10.79,68.34957447,6.177646716
Zhanjiang,Guangdong ,Y2050,S3,33.4323363,53.08893885,0,18.25791693,0,16.79477911,0.917395197,4.52E-05,29.16434312,11.18277102,31.97545298,117.6170213,0,132.5,4.84,26.367,10.79,63.29638298,4.118431144
Fuzhou,Fujian,YCurrent,S1,65.26494836,230.4436653,0,90.22551405,0,33.58955823,1.372880442,6.32E-05,29.16084321,11.18100499,90.57014729,235.2340426,0,0,6.05,26.367,10.79,73.40276596,8.236862288
Fuzhou,Fujian,YCurrent,S2,46.84119304,165.3913239,0,64.73561764,0,25.19216867,1.14513782,4.80E-05,29.16671943,11.18397008,67.48134037,176.4255319,0,66.25,5.445,26.367,10.79,68.34957447,6.177646716
Fuzhou,Fujian,YCurrent,S3,29.68075726,105.9122489,0,41.3672403,0,16.79477911,0.917395197,4.85E-05,29.18030275,11.19082412,46.15385348,117.6170213,0,132.5,4.84,26.367,10.79,63.29638298,4.118431144
Fuzhou,Fujian,Y2030,S1,67.7795271,184.5921752,0,57.38543313,0,33.58955823,1.372880442,7.20E-05,29.17948921,11.19041361,75.61731911,235.2340426,0,0,6.05,26.367,10.79,73.40276596,8.236862288
Fuzhou,Fujian,Y2030,S2,48.60727337,132.5175298,0,41.18384837,0,25.19216867,1.14513782,5.83E-05,29.18738569,11.19439811,56.75435093,176.4255319,0,66.25,5.445,26.367,10.79,68.34957447,6.177646716
Fuzhou,Fujian,Y2030,S3,30.95919551,84.7634462,0,26.32656302,0,16.79477911,0.917395197,4.51E-05,29.20155391,11.20154728,39.3048963,117.6170213,0,132.5,4.84,26.367,10.79,63.29638298,4.118431144
Fuzhou,Fujian,Y2040,S1,69.73442182,154.0871781,0,48.73109803,0,33.58955823,1.372880442,7.89E-05,29.19993202,11.20072889,68.3177872,235.2340426,0,0,6.05,26.367,10.79,73.40276596,8.236862288
Fuzhou,Fujian,Y2040,S2,50.05205728,110.596461,0,34.96551362,0,25.19216867,1.14513782,5.75E-05,29.20821019,11.20490599,51.51866907,176.4255319,0,66.25,5.445,26.367,10.79,68.34957447,6.177646716
Fuzhou,Fujian,Y2040,S3,31.94066556,70.73741281,0,22.32234931,0,16.79477911,0.917395197,3.96E-05,29.22279241,11.21226406,35.96342193,117.6170213,0,132.5,4.84,26.367,10.79,63.29638298,4.118431144
Fuzhou,Fujian,Y2050,S1,81.89793775,106.8695981,0,43.59810899,0,33.58955823,1.372880442,7.30E-05,29.25136513,11.22668163,60.44173354,235.2340426,0,0,6.05,26.367,10.79,73.40276596,8.236862288
Fuzhou,Fujian,Y2050,S2,58.71772534,76.79239154,0,31.26690858,0,25.19216867,1.14513782,5.41E-05,29.26047912,11.23128048,45.87159147,176.4255319,0,66.25,5.445,26.367,10.79,68.34957447,6.177646716
Fuzhou,Fujian,Y2050,S3,37.20781699,49.48694569,0,19.88728452,0,16.79477911,0.917395197,4.47E-05,29.27735299,11.2397949,32.36285516,117.6170213,0,132.5,4.84,26.367,10.79,63.29638298,4.118431144
Jiuquan,Gansu,YCurrent,S1,245.7261888,18.8483249,-3.78E-11,142.9945185,0,33.58955823,1.372880442,0.000181404,31.53372383,12.3783417,95.51952253,235.2340426,0,0,6.05,26.367,10.79,73.40276596,98.86330639
Jiuquan,Gansu,YCurrent,S2,174.6668017,16.3104157,2.41E-11,101.9042326,0,25.19216867,1.14513782,0.000126809,31.29797234,12.25938337,71.23581183,176.4255319,0,66.25,5.445,26.367,10.79,68.34957447,74.14747979
Jiuquan,Gansu,YCurrent,S3,109.7362663,13.6849048,-1.45E-12,64.16438514,0,16.79477911,0.917395197,7.80E-05,31.02880077,12.12356153,48.78640802,117.6170213,0,132.5,4.84,26.367,10.79,63.29638298,49.4316532
Jiuquan,Gansu,Y2030,S1,195.8869216,12.44270327,9.71E-12,91.47024989,0,33.58955823,1.372880442,0.000192562,32.19476835,12.71189951,74.5529583,235.2340426,0,0,6.05,26.367,10.79,73.40276596,98.86330639
Jiuquan,Gansu,Y2030,S2,139.5684638,10.89124159,3.02E-11,65.24190803,0,25.19216867,1.14513782,0.000148422,31.86418493,12.54508974,56.24784112,176.4255319,0,66.25,5.445,26.367,10.79,68.34957447,74.14747979
Jiuquan,Gansu,Y2030,S3,88.0051125,9.253540096,-1.68E-11,41.19965573,0,16.79477911,0.917395197,9.37E-05,31.48852501,12.35553473,39.27546361,117.6170213,0,132.5,4.84,26.367,10.79,63.29638298,49.4316532
Jiuquan,Gansu,Y2040,S1,166.6750687,11.36480554,0,76.97958356,0,33.58955823,1.372880442,0.000193554,32.28965172,12.7597769,65.78777672,235.2340426,0,0,6.05,26.367,10.79,73.40276596,98.86330639
Jiuquan,Gansu,Y2040,S2,118.8917748,9.649350369,-1.80E-11,54.96576409,0,25.19216867,1.14513782,0.000149337,32.00892109,12.61812246,49.96875209,176.4255319,0,66.25,5.445,26.367,10.79,68.34957447,74.14747979
Jiuquan,Gansu,Y2040,S3,74.91113854,8.409378515,-5.49E-12,34.66060272,0,16.79477911,0.917395197,9.36E-05,31.56793438,12.39560407,35.27796367,117.6170213,0,132.5,4.84,26.367,10.79,63.29638298,49.4316532
Jiuquan,Gansu,Y2050,S1,131.803464,9.813903134,7.16E-12,63.35977945,0,33.58955823,1.372880442,0.00021433,32.52377049,12.87791138,56.03049453,235.2340426,0,0,6.05,26.367,10.79,73.40276596,98.86330639
Jiuquan,Gansu,Y2050,S2,93.93976301,8.484600529,-7.31E-12,45.26855593,0,25.19216867,1.14513782,0.000144022,32.1720134,12.70041754,42.98439935,176.4255319,0,66.25,5.445,26.367,10.79,68.34957447,74.14747979
Jiuquan,Gansu,Y2050,S3,59.26643691,7.227822456,-1.64E-11,28.60889953,0,16.79477911,0.917395197,9.61E-05,31.7461364,12.48552339,30.83822942,117.6170213,0,132.5,4.84,26.367,10.79,63.29638298,49.4316532
Xiangyang,Hubei,YCurrent,S1,187.2866316,181.8569091,0,105.4213241,0,33.58955823,1.372880442,9.33E-05,29.57844728,11.39172468,108.0973255,235.2340426,0,0,6.05,26.367,10.79,73.40276596,24.333326
Xiangyang,Hubei,YCurrent,S2,134.1076621,130.8982637,5.59E-12,75.57385284,0,25.19216867,1.14513782,7.19E-05,29.59507594,11.40011537,80.09887131,176.4255319,0,66.25,5.445,26.367,10.79,68.34957447,18.2499945
Xiangyang,Hubei,YCurrent,S3,85.46308237,83.97682233,1.45E-11,48.16934024,0,16.79477911,0.917395197,5.01E-05,29.62532044,11.41537651,54.26728973,117.6170213,0,132.5,4.84,26.367,10.79,63.29638298,12.166663
Xiangyang,Hubei,Y2030,S1,229.7884176,44.89238214,6.37E-12,92.06090288,0,33.58955823,1.372880442,0.000123894,30.23285575,11.721934,87.11819999,235.2340426,0,0,6.05,26.367,10.79,73.40276596,24.333326
Xiangyang,Hubei,Y2030,S2,161.5677767,36.73907894,-7.37E-12,65.01454395,0,25.19216867,1.14513782,9.50E-05,30.17468216,11.69258007,65.09943518,176.4255319,0,66.25,5.445,26.367,10.79,68.34957447,18.2499945
Xiangyang,Hubei,Y2030,S3,99.8151139,28.08307922,7.89E-12,40.4942866,0,16.79477911,0.917395197,5.87E-05,30.11412053,11.66202115,44.7473564,117.6170213,0,132.5,4.84,26.367,10.79,63.29638298,12.166663
Xiangyang,Hubei,Y2040,S1,208.3342579,22.34073526,2.41E-11,81.60815378,0,33.58955823,1.372880442,0.000159183,30.79809532,12.0071494,76.59156223,235.2340426,0,0,6.05,26.367,10.79,73.40276596,24.333326
Xiangyang,Hubei,Y2040,S2,147.0214869,19.6758729,-6.89E-13,57.70824253,0,25.19216867,1.14513782,0.00011814,30.63213723,11.92340826,57.59297238,176.4255319,0,66.25,5.445,26.367,10.79,68.34957447,18.2499945
Xiangyang,Hubei,Y2040,S3,91.51021654,16.07726624,8.39E-12,36.08437584,0,16.79477911,0.917395197,7.16E-05,30.4849077,11.84911741,40.00269254,117.6170213,0,132.5,4.84,26.367,10.79,63.29638298,12.166663
Xiangyang,Hubei,Y2050,S1,168.6458542,13.03486781,1.89E-11,68.7063092,0,33.58955823,1.372880442,0.000185741,31.44611514,12.33413505,64.62891863,235.2340426,0,0,6.05,26.367,10.79,73.40276596,24.333326
Xiangyang,Hubei,Y2050,S2,119.7428255,11.50707169,9.33E-12,48.85482207,0,25.19216867,1.14513782,0.000136204,31.20509839,12.21251991,49.06320307,176.4255319,0,66.25,5.445,26.367,10.79,68.34957447,18.2499945
Xiangyang,Hubei,Y2050,S3,74.98613022,9.937049441,-1.60E-11,30.64782265,0,16.79477911,0.917395197,8.47E-05,30.92335825,12.07035607,34.61426663,117.6170213,0,132.5,4.84,26.367,10.79,63.29638298,12.166663
Xianning,Hubei,YCurrent,S1,204.5978507,180.1191793,0,112.72909,0,33.58955823,1.372880442,8.45E-05,29.72759957,11.46698574,112.634421,235.2340426,0,0,6.05,26.367,10.79,73.40276596,24.333326
Xianning,Hubei,YCurrent,S2,146.5481632,129.6797881,0,80.7739218,0,25.19216867,1.14513782,6.09E-05,29.7428655,11.47468881,83.36722387,176.4255319,0,66.25,5.445,26.367,10.79,68.34957447,18.2499945
Xianning,Hubei,YCurrent,S3,93.44168742,83.13718522,0,51.52387732,0,16.79477911,0.917395197,3.85E-05,29.77100388,11.48888722,56.37086464,117.6170213,0,132.5,4.84,26.367,10.79,63.29638298,12.166663
Xianning,Hubei,Y2030,S1,250.4847039,30.66300627,1.99E-11,99.39167488,0,33.58955823,1.372880442,0.000124321,30.71593465,11.96569177,89.97027748,235.2340426,0,0,6.05,26.367,10.79,73.40276596,24.333326
Xianning,Hubei,Y2030,S2,176.6834417,26.18862273,6.28E-12,70.4349805,0,25.19216867,1.14513782,9.44E-05,30.59946609,11.90692266,67.18574658,176.4255319,0,66.25,5.445,26.367,10.79,68.34957447,18.2499945
Xianning,Hubei,Y2030,S3,109.4962349,21.32753643,-9.42E-12,44.0467126,0,16.79477911,0.917395197,6.12E-05,30.47162883,11.842417,46.12502133,117.6170213,0,132.5,4.84,26.367,10.79,63.29638298,12.166663
Xianning,Hubei,Y2040,S1,219.0529291,19.30433487,-1.75E-11,85.41173098,0,33.58955823,1.372880442,0.000157219,31.17828033,12.19898773,78.959281,235.2340426,0,0,6.05,26.367,10.79,73.40276596,24.333326
Xianning,Hubei,Y2040,S2,155.1120756,16.86609751,1.81E-11,60.7030756,0,25.19216867,1.14513782,0.00011571,30.98898516,12.10347089,59.32343156,176.4255319,0,66.25,5.445,26.367,10.79,68.34957447,18.2499945
Xianning,Hubei,Y2040,S3,96.60198478,14.46099867,0,38.00854319,0,16.79477911,0.917395197,6.86E-05,30.76440548,11.99014977,41.14556321,117.6170213,0,132.5,4.84,26.367,10.79,63.29638298,12.166663
Xianning,Hubei,Y2050,S1,175.062457,13.51275545,3.56E-12,71.15205462,0,33.58955823,1.372880442,0.000193158,31.66822394,12.44620938,66.52861752,235.2340426,0,0,6.05,26.367,10.79,73.40276596,24.333326
Xianning,Hubei,Y2050,S2,124.4096451,11.78855663,1.72E-11,50.64984842,0,25.19216867,1.14513782,0.000147673,31.40357575,12.31267001,50.44598503,176.4255319,0,66.25,5.445,26.367,10.79,68.34957447,18.2499945
Xianning,Hubei,Y2050,S3,78.39110609,9.476949677,-6.40E-12,31.94213282,0,16.79477911,0.917395197,8.45E-05,31.18458694,12.20216999,35.52386471,117.6170213,0,132.5,4.84,26.367,10.79,63.29638298,12.166663
Deyang,Sichuan ,YCurrent,S1,323.5175029,11.85678839,-3.39E-11,156.6054846,0,33.58955823,1.372880442,0.000337156,42.76490558,18.04550677,115.4129048,235.2340426,0,0,6.05,26.367,10.79,73.40276596,59.33475098
Deyang,Sichuan ,YCurrent,S2,231.3389211,12.38169279,0,112.0637054,0,25.19216867,1.14513782,0.000265096,40.86792943,17.08830768,86.41503862,176.4255319,0,66.25,5.445,26.367,10.79,68.34957447,44.50106324
Deyang,Sichuan ,YCurrent,S3,146.9563899,11.67372081,1.68E-12,71.31041722,0,16.79477911,0.917395197,0.000173138,39.14428461,16.21857019,59.50106211,117.6170213,0,132.5,4.84,26.367,10.79,63.29638298,29.66737549
Deyang,Sichuan ,Y2030,S1,255.9557277,11.22866143,9.99E-12,98.91652094,0,33.58955823,1.372880442,0.000336887,42.61954873,17.97216086,90.65201444,235.2340426,0,0,6.05,26.367,10.79,73.40276596,59.33475098
Deyang,Sichuan ,Y2030,S2,182.9608617,11.80083527,1.15E-11,70.76321845,0,25.19216867,1.14513782,0.000267274,40.67510081,16.99100789,68.63446593,176.4255319,0,66.25,5.445,26.367,10.79,68.34957447,44.50106324
Deyang,Sichuan ,Y2030,S3,116.2405374,10.87637761,5.85E-12,45.01469738,0,16.79477911,0.917395197,0.000169367,39.08545831,16.18888691,48.13215228,117.6170213,0,132.5,4.84,26.367,10.79,63.29638298,29.66737549
Deyang,Sichuan ,Y2040,S1,217.7554904,11.01391017,3.54E-12,83.18701129,0,33.58955823,1.372880442,0.000341275,42.45862596,17.89096051,79.972498,235.2340426,0,0,6.05,26.367,10.79,73.40276596,59.33475098
Deyang,Sichuan ,Y2040,S2,155.6367094,11.4241712,2.25E-12,59.50178261,0,25.19216867,1.14513782,0.000264796,40.57997043,16.94300585,60.95561684,176.4255319,0,66.25,5.445,26.367,10.79,68.34957447,44.50106324
Deyang,Sichuan ,Y2040,S3,98.86547338,10.47202927,1.30E-11,37.83631414,0,16.79477911,0.917395197,0.000168191,39.02547163,16.15861811,43.2136429,117.6170213,0,132.5,4.84,26.367,10.79,63.29638298,29.66737549
Deyang,Sichuan ,Y2050,S1,171.6202462,10.70197061,2.64E-11,68.45370794,0,33.58955823,1.372880442,0.000327501,42.32615447,17.82411645,67.91977627,235.2340426,0,0,6.05,26.367,10.79,73.40276596,59.33475098
Deyang,Sichuan ,Y2050,S2,122.654344,10.91834723,1.98E-11,48.96382048,0,25.19216867,1.14513782,0.00026389,40.5355207,16.92057687,52.29737925,176.4255319,0,66.25,5.445,26.367,10.79,68.34957447,44.50106324
Deyang,Sichuan ,Y2050,S3,77.87712554,10.04381882,6.87E-12,31.13566116,0,16.79477911,0.917395197,0.000169332,38.96478325,16.12799524,37.67453448,117.6170213,0,132.5,4.84,26.367,10.79,63.29638298,29.66737549
Jiaxing,Zhejiang ,YCurrent,S1,61.3845598,218.5973247,0,86.59316618,0,33.58955823,1.372880442,5.74E-05,29.12293593,11.16187728,86.75754116,235.2340426,0,0,6.05,26.367,10.79,73.40276596,8.236862288
Jiaxing,Zhejiang ,YCurrent,S2,44.05571388,156.8897788,-1.20E-11,62.12852948,0,25.19216867,1.14513782,6.04E-05,29.12927814,11.1650775,64.74199207,176.4255319,0,66.25,5.445,26.367,10.79,68.34957447,6.177646716
Jiaxing,Zhejiang ,YCurrent,S3,27.92493648,100.4244988,-8.34E-12,39.73223031,0,16.79477911,0.917395197,4.13E-05,29.14243971,11.17171873,44.39924124,117.6170213,0,132.5,4.84,26.367,10.79,63.29638298,4.118431144
Jiaxing,Zhejiang ,Y2030,S1,64.46450002,174.792987,0,54.75187441,0,33.58955823,1.372880442,6.99E-05,29.1412256,11.1711061,72.51373456,235.2340426,0,0,6.05,26.367,10.79,73.40276596,8.236862288
Jiaxing,Zhejiang ,Y2030,S2,46.1452706,125.5817249,3.56E-12,39.27921377,0,25.19216867,1.14513782,5.26E-05,29.14746924,11.17425659,54.52317576,176.4255319,0,66.25,5.445,26.367,10.79,68.34957447,6.177646716
Jiaxing,Zhejiang ,Y2030,S3,29.38450836,80.33526249,-3.39E-12,25.10666968,0,16.79477911,0.917395197,3.68E-05,29.1603273,11.18074466,37.87443116,117.6170213,0,132.5,4.84,26.367,10.79,63.29638298,4.118431144
Jiaxing,Zhejiang ,Y2040,S1,66.83159981,146.3089751,5.17E-13,45.52265357,0,33.58955823,1.372880442,7.34E-05,29.15893927,11.18004428,65.5782978,235.2340426,0,0,6.05,26.367,10.79,73.40276596,8.236862288
Jiaxing,Zhejiang ,Y2040,S2,47.9436228,105.0463689,-5.50E-12,32.65493521,0,25.19216867,1.14513782,5.15E-05,29.16539244,11.18330049,49.54845473,176.4255319,0,66.25,5.445,26.367,10.79,68.34957447,6.177646716
Jiaxing,Zhejiang ,Y2040,S3,30.5120956,67.24264818,0,20.87468993,0,16.79477911,0.917395197,3.89E-05,29.17758566,11.1894531,34.69903848,117.6170213,0,132.5,4.84,26.367,10.79,63.29638298,4.118431144
Jiaxing,Zhejiang ,Y2050,S1,67.11376174,116.1086134,0,38.043099,0,33.58955823,1.372880442,6.87E-05,29.18390148,11.19264001,58.24213857,235.2340426,0,0,6.05,26.367,10.79,73.40276596,8.236862288
Jiaxing,Zhejiang ,Y2050,S2,48.12918487,83.38187141,0,27.29840201,0,25.19216867,1.14513782,5.05E-05,29.19037349,11.19590573,44.28634333,176.4255319,0,66.25,5.445,26.367,10.79,68.34957447,6.177646716
Jiaxing,Zhejiang ,Y2050,S3,30.67438097,53.39138461,0,17.42220163,0,16.79477911,0.917395197,3.98E-05,29.20511486,11.20334411,31.34122316,117.6170213,0,132.5,4.84,26.367,10.79,63.29638298,4.118431144
Lishui ,Zhejiang ,YCurrent,S1,322.2843404,17.68587761,3.29E-11,164.770162,0,33.58955823,1.372880442,0.000268996,33.35203988,13.29584953,115.1376065,235.2340426,0,0,6.05,26.367,10.79,73.40276596,8.236862288
Lishui ,Zhejiang ,YCurrent,S2,230.0460819,15.14349595,4.73E-12,117.8016805,0,25.19216867,1.14513782,0.0001908,32.9015939,13.06855806,85.47657683,176.4255319,0,66.25,5.445,26.367,10.79,68.34957447,6.177646716
Lishui ,Zhejiang ,YCurrent,S3,145.4768816,12.71742251,1.19E-11,74.67157354,0,16.79477911,0.917395197,0.000117493,32.34995439,12.79020515,58.0681229,117.6170213,0,132.5,4.84,26.367,10.79,63.29638298,4.118431144
Lishui ,Zhejiang ,Y2030,S1,254.60598,14.84236877,-8.23E-13,104.8053268,0,33.58955823,1.372880442,0.000285465,33.71431403,13.47865018,89.62188827,235.2340426,0,0,6.05,26.367,10.79,73.40276596,8.236862288
Lishui ,Zhejiang ,Y2030,S2,181.7875829,12.67050458,1.90E-11,74.97581184,0,25.19216867,1.14513782,0.000193684,33.21928282,13.22886137,67.19923852,176.4255319,0,66.25,5.445,26.367,10.79,68.34957447,6.177646716
Lishui ,Zhejiang ,Y2030,S3,115.0799276,10.55345006,0,47.54694694,0,16.79477911,0.917395197,0.000124049,32.63926112,12.93618703,46.43356758,117.6170213,0,132.5,4.84,26.367,10.79,63.29638298,4.118431144
Lishui ,Zhejiang ,Y2040,S1,216.645078,13.80932228,0,88.10026361,0,33.58955823,1.372880442,0.000288682,33.8063035,13.52506734,78.71184468,235.2340426,0,0,6.05,26.367,10.79,73.40276596,8.236862288
Lishui ,Zhejiang ,Y2040,S2,154.6019745,11.89262655,2.48E-11,63.02803299,0,25.19216867,1.14513782,0.000191945,33.26842062,13.25365591,59.37666203,176.4255319,0,66.25,5.445,26.367,10.79,68.34957447,6.177646716
Lishui ,Zhejiang ,Y2040,S3,97.87059147,9.873012678,0,39.94917588,0,16.79477911,0.917395197,0.000127718,32.68901864,12.96129428,41.44345958,117.6170213,0,132.5,4.84,26.367,10.79,63.29638298,4.118431144
Lishui ,Zhejiang ,Y2050,S1,170.8121765,12.67427674,8.07E-12,72.52397493,0,33.58955823,1.372880442,0.000296099,33.94075373,13.59290986,66.47019842,235.2340426,0,0,6.05,26.367,10.79,73.40276596,8.236862288
Lishui ,Zhejiang ,Y2050,S2,121.9979613,10.83699293,0,51.80971106,0,25.19216867,1.14513782,0.000211799,33.41214078,13.32617596,50.60675725,176.4255319,0,66.25,5.445,26.367,10.79,68.34957447,6.177646716
Lishui ,Zhejiang ,Y2050,S3,77.23463981,8.928059385,-7.52E-12,32.866425,0,16.79477911,0.917395197,0.000131298,32.83141361,13.03314565,35.85705036,117.6170213,0,132.5,4.84,26.367,10.79,63.29638298,4.118431144
Tongchun,Sichuan ,YCurrent,S1,355.7767343,15.89329749,-9.22E-12,164.9754259,0,33.58955823,1.372880442,0.000230212,34.3005322,13.77445122,121.6828024,235.2340426,0,0,6.05,26.367,10.79,73.40276596,59.33475098
Tongchun,Sichuan ,YCurrent,S2,254.0038487,14.07797884,1.74E-11,117.8586555,0,25.19216867,1.14513782,0.000169433,33.79765193,13.52070183,90.24768693,176.4255319,0,66.25,5.445,26.367,10.79,68.34957447,44.50106324
Tongchun,Sichuan ,YCurrent,S3,160.7783457,11.96880231,-1.08E-11,74.74125394,0,16.79477911,0.917395197,0.000107623,33.2703478,13.25462835,61.21136962,117.6170213,0,132.5,4.84,26.367,10.79,63.29638298,29.66737549
Tongchun,Sichuan ,Y2030,S1,280.8136134,13.11133788,0,105.5810978,0,33.58955823,1.372880442,0.000253417,34.68152072,13.966695,94.86626995,235.2340426,0,0,6.05,26.367,10.79,73.40276596,59.33475098
Tongchun,Sichuan ,Y2030,S2,200.6622908,11.44824525,0,75.44579256,0,25.19216867,1.14513782,0.000186206,34.16725721,13.70720172,71.03788605,176.4255319,0,66.25,5.445,26.367,10.79,68.34957447,44.50106324
Tongchun,Sichuan ,Y2030,S3,127.1385892,9.726729978,1.01E-11,47.86375567,0,16.79477911,0.917395197,0.000113123,33.58453199,13.4131632,48.9805887,117.6170213,0,132.5,4.84,26.367,10.79,63.29638298,29.66737549
Tongchun,Sichuan ,Y2040,S1,238.9085356,12.32799598,3.97E-12,88.76550452,0,33.58955823,1.372880442,0.000263182,34.72461644,13.98844076,83.19462092,235.2340426,0,0,6.05,26.367,10.79,73.40276596,59.33475098
Tongchun,Sichuan ,Y2040,S2,170.7502354,10.64104523,0,63.43202482,0,25.19216867,1.14513782,0.000181962,34.24116283,13.7444939,62.66853794,176.4255319,0,66.25,5.445,26.367,10.79,68.34957447,44.50106324
Tongchun,Sichuan ,Y2040,S3,108.146817,9.113831898,3.28E-12,40.21714568,0,16.79477911,0.917395197,0.000114531,33.62579353,13.43398344,43.64163781,117.6170213,0,132.5,4.84,26.367,10.79,63.29638298,29.66737549
Tongchun,Sichuan ,Y2050,S1,188.4085184,11.15539512,-6.01E-12,73.08851326,0,33.58955823,1.372880442,0.000255842,34.89660132,14.07522296,70.0204639,235.2340426,0,0,6.05,26.367,10.79,73.40276596,59.33475098
Tongchun,Sichuan ,Y2050,S2,134.5584661,9.75136921,2.06E-11,52.2743354,0,25.19216867,1.14513782,0.000181899,34.34900589,13.79891066,53.22802104,176.4255319,0,66.25,5.445,26.367,10.79,68.34957447,44.50106324
Tongchun,Sichuan ,Y2050,S3,85.30910298,8.177966922,8.04E-12,33.13465735,0,16.79477911,0.917395197,0.000114476,33.77524391,13.50939492,37.62680399,117.6170213,0,132.5,4.84,26.367,10.79,63.29638298,29.66737549
